{"cameraMode":{"drawMode":0,"name":"Shaded","section":"Shading Mode"},"sceneLighting":true,"audioPlay":false,"sceneViewState":{"showFog":true,"showMaterialUpdate":false,"showSkybox":true,"showFlares":true,"showImageEffects":true,"showParticleSystems":true},"in2DMode":false,"pivot":{"x":0.42328888177871706,"y":1.090846061706543,"z":-0.8610514402389526},"rotation":{"x":-0.38293948769569399,"y":0.13505089282989503,"z":-0.05670158565044403,"w":-0.9120875000953674},"size":0.9840197563171387,"orthographic":true}