{"cameraMode":{"drawMode":0,"name":"Shaded","section":"Shading Mode"},"sceneLighting":false,"audioPlay":false,"sceneViewState":{"showFog":true,"showMaterialUpdate":false,"showSkybox":true,"showFlares":true,"showImageEffects":true,"showParticleSystems":true},"in2DMode":false,"pivot":{"x":0.46000000834465029,"y":-0.07929112017154694,"z":0.15097260475158692},"rotation":{"x":-0.0761714056134224,"y":-0.3802776634693146,"z":0.031444352120161059,"w":-0.9211938381195068},"size":1.2188799381256104,"orthographic":true}