{"cameraMode":{"drawMode":0,"name":"Shaded","section":"Shading Mode"},"sceneLighting":false,"audioPlay":false,"sceneViewState":{"showFog":true,"showMaterialUpdate":false,"showSkybox":true,"showFlares":true,"showImageEffects":true,"showParticleSystems":true},"in2DMode":false,"pivot":{"x":-0.42551493644714358,"y":5.404199600219727,"z":-2.025649070739746},"rotation":{"x":0.06388716399669647,"y":0.22904135286808015,"z":0.01506815105676651,"w":-0.9712010622024536},"size":6.173739910125732,"orthographic":false}