{"cameraMode":{"drawMode":0,"name":"Shaded","section":"Shading Mode"},"sceneLighting":false,"audioPlay":false,"sceneViewState":{"showFog":true,"showMaterialUpdate":false,"showSkybox":true,"showFlares":true,"showImageEffects":true,"showParticleSystems":true},"in2DMode":false,"pivot":{"x":4.160421848297119,"y":0.6631002426147461,"z":0.06350000202655792},"rotation":{"x":-0.17395061254501344,"y":0.284114807844162,"z":-0.05249232053756714,"w":-0.941416323184967},"size":1.7944049835205079,"orthographic":true}