{"cameraMode":{"drawMode":0,"name":"Shaded","section":"Shading Mode"},"sceneLighting":false,"audioPlay":false,"sceneViewState":{"showFog":true,"showMaterialUpdate":false,"showSkybox":true,"showFlares":true,"showImageEffects":true,"showParticleSystems":true},"in2DMode":false,"pivot":{"x":-0.2626241147518158,"y":4.156696319580078,"z":-0.3889780342578888},"rotation":{"x":-0.25256747007369997,"y":-0.04467758163809776,"z":0.01168458629399538,"w":-0.9664766788482666},"size":1.488745927810669,"orthographic":true}