{"cameraMode":{"drawMode":0,"name":"Shaded","section":"Shading Mode"},"sceneLighting":false,"audioPlay":false,"sceneViewState":{"showFog":true,"showMaterialUpdate":false,"showSkybox":true,"showFlares":true,"showImageEffects":true,"showParticleSystems":true},"in2DMode":false,"pivot":{"x":2.7939999103546144,"y":1.2699999809265137,"z":0.06349998712539673},"rotation":{"x":-0.057154443114995959,"y":0.0664430782198906,"z":-0.003810825292021036,"w":-0.9961446523666382},"size":3.9620776176452638,"orthographic":false}