{"cameraMode":{"drawMode":0,"name":"Shaded","section":"Shading Mode"},"sceneLighting":false,"audioPlay":false,"sceneViewState":{"showFog":true,"showMaterialUpdate":false,"showSkybox":true,"showFlares":true,"showImageEffects":true,"showParticleSystems":true},"in2DMode":false,"pivot":{"x":-0.9158062934875488,"y":1.6853772401809693,"z":-0.010927557945251465},"rotation":{"x":-0.21753887832164765,"y":-0.10168521851301193,"z":0.022795487195253373,"w":-0.9704728126525879},"size":1.2190536260604859,"orthographic":false}