{"cameraMode":{"drawMode":0,"name":"Shaded","section":"Shading Mode"},"sceneLighting":false,"audioPlay":false,"sceneViewState":{"showFog":true,"showMaterialUpdate":false,"showSkybox":true,"showFlares":true,"showImageEffects":true,"showParticleSystems":true},"in2DMode":false,"pivot":{"x":-0.42551493644714358,"y":5.404199600219727,"z":-2.025649070739746},"rotation":{"x":-0.07504666596651077,"y":0.4191541075706482,"z":-0.03478940576314926,"w":-0.9041391611099243},"size":2.8737387657165529,"orthographic":false}