{"cameraMode":{"drawMode":0,"name":"Shaded","section":"Shading Mode"},"sceneLighting":false,"audioPlay":false,"sceneViewState":{"showFog":true,"showMaterialUpdate":false,"showSkybox":true,"showFlares":true,"showImageEffects":true,"showParticleSystems":true},"in2DMode":false,"pivot":{"x":1.2151060104370118,"y":5.281242370605469,"z":1.7314060926437379},"rotation":{"x":0.06388716399669647,"y":0.22904135286808015,"z":0.01506815105676651,"w":-0.9712010622024536},"size":2.955501079559326,"orthographic":false}