{"cameraMode":{"drawMode":0,"name":"Shaded","section":"Shading Mode"},"sceneLighting":false,"audioPlay":false,"sceneViewState":{"showFog":true,"showMaterialUpdate":false,"showSkybox":true,"showFlares":true,"showImageEffects":true,"showParticleSystems":true},"in2DMode":false,"pivot":{"x":0.2032606303691864,"y":3.6066246032714845,"z":0.03255361318588257},"rotation":{"x":-0.25256747007369997,"y":-0.04467758163809776,"z":0.01168458629399538,"w":-0.9664766788482666},"size":2.2171497344970705,"orthographic":true}