{"cameraMode":{"drawMode":0,"name":"Shaded","section":"Shading Mode"},"sceneLighting":false,"audioPlay":false,"sceneViewState":{"showFog":true,"showMaterialUpdate":false,"showSkybox":true,"showFlares":true,"showImageEffects":true,"showParticleSystems":true},"in2DMode":false,"pivot":{"x":484.7605895996094,"y":296.3999938964844,"z":-252.87649536132813},"rotation":{"x":-0.05465147644281387,"y":0.19992195069789887,"z":-0.011169375851750374,"w":-0.9782227277755737},"size":3.962127923965454,"orthographic":false}