{"cameraMode":{"drawMode":0,"name":"Shaded","section":"Shading Mode"},"sceneLighting":false,"audioPlay":false,"sceneViewState":{"showFog":true,"showMaterialUpdate":false,"showSkybox":true,"showFlares":true,"showImageEffects":true,"showParticleSystems":true},"in2DMode":false,"pivot":{"x":0.7971829175949097,"y":3.9990234375,"z":1.6072531938552857},"rotation":{"x":-0.0496055893599987,"y":0.9500479102134705,"z":-0.20429648458957673,"w":-0.23067554831504823},"size":1.2737396955490113,"orthographic":true}