{"cameraMode":{"drawMode":0,"name":"Shaded","section":"Shading Mode"},"sceneLighting":false,"audioPlay":false,"sceneViewState":{"showFog":true,"showMaterialUpdate":false,"showSkybox":true,"showFlares":true,"showImageEffects":true,"showParticleSystems":true},"in2DMode":false,"pivot":{"x":-0.3448830246925354,"y":0.17813734710216523,"z":-1.875969648361206},"rotation":{"x":-0.25256747007369997,"y":-0.04467758163809776,"z":0.01168458629399538,"w":-0.9664766788482666},"size":3.5814802646636965,"orthographic":true}