{"cameraMode":{"drawMode":0,"name":"Shaded","section":"Shading Mode"},"sceneLighting":false,"audioPlay":false,"sceneViewState":{"showFog":true,"showMaterialUpdate":false,"showSkybox":true,"showFlares":true,"showImageEffects":true,"showParticleSystems":true},"in2DMode":false,"pivot":{"x":495.78411865234377,"y":304.9571533203125,"z":-269.5509948730469},"rotation":{"x":-0.16815778613090516,"y":0.29708462953567507,"z":-0.05323515459895134,"w":-0.9384187459945679},"size":2.1837339401245119,"orthographic":false}