{"cameraMode":{"drawMode":0,"name":"Shaded","section":"Shading Mode"},"sceneLighting":false,"audioPlay":false,"sceneViewState":{"showFog":true,"showMaterialUpdate":false,"showSkybox":true,"showFlares":true,"showImageEffects":true,"showParticleSystems":true},"in2DMode":false,"pivot":{"x":-3.1076016426086427,"y":1.6134113073349,"z":0.3041526973247528},"rotation":{"x":-0.2642762362957001,"y":0.34457868337631228,"z":-0.10174250602722168,"w":-0.8950263261795044},"size":1.9748034477233887,"orthographic":false}