{"cameraMode":{"drawMode":0,"name":"Shaded","section":"Shading Mode"},"sceneLighting":false,"audioPlay":false,"sceneViewState":{"showFog":true,"showMaterialUpdate":false,"showSkybox":true,"showFlares":true,"showImageEffects":true,"showParticleSystems":true},"in2DMode":false,"pivot":{"x":0.0,"y":-7.450580596923828e-9,"z":0.06000000238418579},"rotation":{"x":-0.08270291239023209,"y":-0.019130995497107507,"z":0.0015911561204120517,"w":-0.9963893294334412},"size":1.1374233961105347,"orthographic":false}