{"cameraMode":{"drawMode":0,"name":"Shaded","section":"Shading Mode"},"sceneLighting":false,"audioPlay":false,"sceneViewState":{"showFog":true,"showMaterialUpdate":false,"showSkybox":true,"showFlares":true,"showImageEffects":true,"showParticleSystems":true},"in2DMode":false,"pivot":{"x":-1.6498550176620484,"y":0.20498037338256837,"z":0.6130356788635254},"rotation":{"x":-0.059104979038238528,"y":-0.6997870802879334,"z":0.05829620733857155,"w":-0.7095112800598145},"size":1.0251965522766114,"orthographic":false}