{"cameraMode":{"drawMode":0,"name":"Shaded","section":"Shading Mode"},"sceneLighting":false,"audioPlay":false,"sceneViewState":{"showFog":true,"showMaterialUpdate":false,"showSkybox":true,"showFlares":true,"showImageEffects":true,"showParticleSystems":true},"in2DMode":false,"pivot":{"x":-0.5238550901412964,"y":0.06563717126846314,"z":-0.278946191072464},"rotation":{"x":-0.21753887832164765,"y":-0.10168521851301193,"z":0.022795487195253373,"w":-0.9704728126525879},"size":4.326096534729004,"orthographic":false}