{"cameraMode":{"drawMode":0,"name":"Shaded","section":"Shading Mode"},"sceneLighting":false,"audioPlay":false,"sceneViewState":{"showFog":true,"showMaterialUpdate":false,"showSkybox":true,"showFlares":true,"showImageEffects":true,"showParticleSystems":true},"in2DMode":false,"pivot":{"x":1.2775224447250367,"y":5.854708671569824,"z":1.7314060926437379},"rotation":{"x":-0.21753887832164765,"y":-0.10168521851301193,"z":0.022795487195253373,"w":-0.9704728126525879},"size":3.6392581462860109,"orthographic":false}