{"cameraMode":{"drawMode":0,"name":"Shaded","section":"Shading Mode"},"sceneLighting":true,"audioPlay":false,"sceneViewState":{"showFog":true,"showMaterialUpdate":false,"showSkybox":true,"showFlares":true,"showImageEffects":true,"showParticleSystems":true},"in2DMode":false,"pivot":{"x":371.1381530761719,"y":364.5628356933594,"z":37.0418701171875},"rotation":{"x":-0.028767699375748636,"y":-0.0533510223031044,"z":0.0015392120694741607,"w":-0.998160183429718},"size":494.0113525390625,"orthographic":true}