{"cameraMode":{"drawMode":0,"name":"Shaded","section":"Shading Mode"},"sceneLighting":false,"audioPlay":false,"sceneViewState":{"showFog":true,"showMaterialUpdate":false,"showSkybox":true,"showFlares":true,"showImageEffects":true,"showParticleSystems":true},"in2DMode":false,"pivot":{"x":1.4241349697113038,"y":4.857842922210693,"z":-3.5094001293182375},"rotation":{"x":0.049112748354673389,"y":0.047027088701725009,"z":0.0023165540769696237,"w":-0.9976828694343567},"size":2.63517689704895,"orthographic":true}