{"cameraMode":{"drawMode":0,"name":"Shaded","section":"Shading Mode"},"sceneLighting":false,"audioPlay":false,"sceneViewState":{"showFog":true,"showMaterialUpdate":false,"showSkybox":true,"showFlares":true,"showImageEffects":true,"showParticleSystems":true},"in2DMode":false,"pivot":{"x":4.160421848297119,"y":0.6631002426147461,"z":0.06350000202655792},"rotation":{"x":-0.16363602876663209,"y":0.26485055685043337,"z":-0.0456530936062336,"w":-0.9492066502571106},"size":1.7944049835205079,"orthographic":true}