{"cameraMode":{"drawMode":0,"name":"Shaded","section":"Shading Mode"},"sceneLighting":false,"audioPlay":false,"sceneViewState":{"showFog":true,"showMaterialUpdate":false,"showSkybox":true,"showFlares":true,"showImageEffects":true,"showParticleSystems":true},"in2DMode":false,"pivot":{"x":4.160421848297119,"y":0.6631002426147461,"z":0.06350000202655792},"rotation":{"x":0.049112748354673389,"y":0.047027088701725009,"z":0.0023165540769696237,"w":-0.9976828694343567},"size":2.183680534362793,"orthographic":true}