{"cameraMode":{"drawMode":0,"name":"Shaded","section":"Shading Mode"},"sceneLighting":false,"audioPlay":false,"sceneViewState":{"showFog":true,"showMaterialUpdate":false,"showSkybox":true,"showFlares":true,"showImageEffects":true,"showParticleSystems":true},"in2DMode":false,"pivot":{"x":-0.007061779499053955,"y":-0.01678481698036194,"z":0.44882088899612429},"rotation":{"x":5.273681722428591e-7,"y":-1.0,"z":2.4838278100958179e-9,"w":-5.375276828090136e-7},"size":0.7495997548103333,"orthographic":true}