{"cameraMode":{"drawMode":0,"name":"Shaded","section":"Shading Mode"},"sceneLighting":false,"audioPlay":false,"sceneViewState":{"showFog":true,"showMaterialUpdate":false,"showSkybox":true,"showFlares":true,"showImageEffects":true,"showParticleSystems":true},"in2DMode":false,"pivot":{"x":0.7971829175949097,"y":3.9990234375,"z":1.6072531938552857},"rotation":{"x":0.049112748354673389,"y":0.047027088701725009,"z":0.0023165540769696237,"w":-0.9976828694343567},"size":1.2737396955490113,"orthographic":true}