{"cameraMode":{"drawMode":0,"name":"Shaded","section":"Shading Mode"},"sceneLighting":false,"audioPlay":false,"sceneViewState":{"showFog":true,"showMaterialUpdate":false,"showSkybox":true,"showFlares":true,"showImageEffects":true,"showParticleSystems":true},"in2DMode":false,"pivot":{"x":0.06187417730689049,"y":-0.03217638283967972,"z":-0.11422905325889588},"rotation":{"x":0.4526825547218323,"y":-0.242459237575531,"z":0.1293884813785553,"w":0.8482633829116821},"size":0.4548240900039673,"orthographic":false}