{"cameraMode":{"drawMode":0,"name":"Shaded","section":"Shading Mode"},"sceneLighting":false,"audioPlay":false,"sceneViewState":{"showFog":true,"showMaterialUpdate":false,"showSkybox":true,"showFlares":true,"showImageEffects":true,"showParticleSystems":true},"in2DMode":false,"pivot":{"x":0.8081605434417725,"y":-0.04273855686187744,"z":0.1669921875},"rotation":{"x":-0.25128036737442019,"y":-0.028448332101106645,"z":0.007391392253339291,"w":-0.9674679636955261},"size":1.2392587661743165,"orthographic":false}