{"cameraMode":{"drawMode":0,"name":"Shaded","section":"Shading Mode"},"sceneLighting":false,"audioPlay":false,"sceneViewState":{"showFog":true,"showMaterialUpdate":false,"showSkybox":true,"showFlares":true,"showImageEffects":true,"showParticleSystems":true},"in2DMode":false,"pivot":{"x":0.19804872572422028,"y":-0.0980674996972084,"z":0.757503867149353},"rotation":{"x":-0.0813879743218422,"y":-0.057671934366226199,"z":0.004721608944237232,"w":-0.9950013756752014},"size":1.435180425643921,"orthographic":false}