{"cameraMode":{"drawMode":0,"name":"Shaded","section":"Shading Mode"},"sceneLighting":false,"audioPlay":false,"sceneViewState":{"showFog":true,"showMaterialUpdate":false,"showSkybox":true,"showFlares":true,"showImageEffects":true,"showParticleSystems":true},"in2DMode":false,"pivot":{"x":0.02476344257593155,"y":-0.23831477761268617,"z":0.40412378311157229},"rotation":{"x":-0.1262579709291458,"y":-0.017256658524274827,"z":0.00219915178604424,"w":-0.991844892501831},"size":1.2190536260604859,"orthographic":false}