{"cameraMode":{"drawMode":0,"name":"Shaded","section":"Shading Mode"},"sceneLighting":false,"audioPlay":false,"sceneViewState":{"showFog":true,"showMaterialUpdate":false,"showSkybox":true,"showFlares":true,"showImageEffects":true,"showParticleSystems":true},"in2DMode":false,"pivot":{"x":1.1533188819885255,"y":1.3299449682235718,"z":-0.06017296016216278},"rotation":{"x":0.0337936170399189,"y":0.9625285863876343,"z":-0.1425289660692215,"w":0.22821533679962159},"size":0.544867992401123,"orthographic":true}