{"cameraMode":{"drawMode":0,"name":"Shaded","section":"Shading Mode"},"sceneLighting":false,"audioPlay":false,"sceneViewState":{"showFog":true,"showMaterialUpdate":false,"showSkybox":true,"showFlares":true,"showImageEffects":true,"showParticleSystems":true},"in2DMode":false,"pivot":{"x":-0.12303776293992996,"y":0.43792805075645449,"z":-1.4839422702789307},"rotation":{"x":-0.1262579709291458,"y":-0.017256658524274827,"z":0.00219915178604424,"w":-0.991844892501831},"size":0.660499095916748,"orthographic":false}