{"cameraMode":{"drawMode":0,"name":"Shaded","section":"Shading Mode"},"sceneLighting":false,"audioPlay":false,"sceneViewState":{"showFog":true,"showMaterialUpdate":false,"showSkybox":true,"showFlares":true,"showImageEffects":true,"showParticleSystems":true},"in2DMode":false,"pivot":{"x":-0.04483552277088165,"y":-0.07752504199743271,"z":-0.05762500315904617},"rotation":{"x":0.06324797123670578,"y":0.9364269375801086,"z":-0.23095574975013734,"w":0.25644442439079287},"size":0.5576523542404175,"orthographic":true}