{"cameraMode":{"drawMode":0,"name":"Shaded","section":"Shading Mode"},"sceneLighting":false,"audioPlay":false,"sceneViewState":{"showFog":true,"showMaterialUpdate":false,"showSkybox":true,"showFlares":true,"showImageEffects":true,"showParticleSystems":true},"in2DMode":false,"pivot":{"x":-0.0057914974167943,"y":-0.016212191432714464,"z":0.059503305703401569},"rotation":{"x":-0.1262579709291458,"y":-0.017256658524274827,"z":0.00219915178604424,"w":-0.991844892501831},"size":0.9836806654930115,"orthographic":false}