{"cameraMode":{"drawMode":0,"name":"Shaded","section":"Shading Mode"},"sceneLighting":false,"audioPlay":false,"sceneViewState":{"showFog":true,"showMaterialUpdate":false,"showSkybox":true,"showFlares":true,"showImageEffects":true,"showParticleSystems":true},"in2DMode":false,"pivot":{"x":1.1319572925567628,"y":5.854708671569824,"z":1.7314060926437379},"rotation":{"x":-0.08645151555538178,"y":0.8181344270706177,"z":-0.12767669558525086,"w":-0.5539682507514954},"size":5.872392654418945,"orthographic":false}