{"cameraMode":{"drawMode":0,"name":"Shaded","section":"Shading Mode"},"sceneLighting":false,"audioPlay":false,"sceneViewState":{"showFog":true,"showMaterialUpdate":false,"showSkybox":true,"showFlares":true,"showImageEffects":true,"showParticleSystems":true},"in2DMode":false,"pivot":{"x":-0.0012274397304281593,"y":-0.0009293906623497605,"z":0.00019962841179221869},"rotation":{"x":0.0531415231525898,"y":0.8611668944358826,"z":-0.09207332879304886,"w":0.4970814883708954},"size":0.35847169160842898,"orthographic":false}