{"cameraMode":{"drawMode":0,"name":"Shaded","section":"Shading Mode"},"sceneLighting":true,"audioPlay":false,"sceneViewState":{"showFog":true,"showMaterialUpdate":false,"showSkybox":true,"showFlares":true,"showImageEffects":true,"showParticleSystems":true},"in2DMode":false,"pivot":{"x":-1.1640002727508546,"y":0.1402084231376648,"z":-1.9025757312774659},"rotation":{"x":-0.163685142993927,"y":0.16547267138957978,"z":-0.027861136943101884,"w":-0.9721367359161377},"size":5.357197284698486,"orthographic":false}