{"cameraMode":{"drawMode":0,"name":"Shaded","section":"Shading Mode"},"sceneLighting":false,"audioPlay":false,"sceneViewState":{"showFog":true,"showMaterialUpdate":false,"showSkybox":true,"showFlares":true,"showImageEffects":true,"showParticleSystems":true},"in2DMode":false,"pivot":{"x":245.84951782226563,"y":316.6354064941406,"z":50.92473220825195},"rotation":{"x":0.07094253599643707,"y":-0.05233568325638771,"z":0.0037250989116728307,"w":0.9960995316505432},"size":1227.61181640625,"orthographic":false}