{"cameraMode":{"drawMode":0,"name":"Shaded","section":"Shading Mode"},"sceneLighting":false,"audioPlay":false,"sceneViewState":{"showFog":true,"showMaterialUpdate":false,"showSkybox":true,"showFlares":true,"showImageEffects":true,"showParticleSystems":true},"in2DMode":false,"pivot":{"x":0.06187417730689049,"y":-0.03217638283967972,"z":-0.11422905325889588},"rotation":{"x":0.09179700165987015,"y":-0.12898463010787965,"z":0.01199110597372055,"w":0.987315833568573},"size":0.4548240900039673,"orthographic":false}