{"cameraMode":{"drawMode":0,"name":"Shaded","section":"Shading Mode"},"sceneLighting":false,"audioPlay":false,"sceneViewState":{"showFog":true,"showMaterialUpdate":false,"showSkybox":true,"showFlares":true,"showImageEffects":true,"showParticleSystems":true},"in2DMode":false,"pivot":{"x":0.7223479151725769,"y":0.13832789659500123,"z":0.03647199273109436},"rotation":{"x":0.009299210272729397,"y":0.005699929315596819,"z":0.000052541559853125364,"w":-0.9999405145645142},"size":0.5123525857925415,"orthographic":false}