{"cameraMode":{"drawMode":0,"name":"Shaded","section":"Shading Mode"},"sceneLighting":false,"audioPlay":false,"sceneViewState":{"showFog":true,"showMaterialUpdate":false,"showSkybox":true,"showFlares":true,"showImageEffects":true,"showParticleSystems":true},"in2DMode":false,"pivot":{"x":0.7284209132194519,"y":0.1204681247472763,"z":-0.06997673213481903},"rotation":{"x":-0.2670937180519104,"y":0.5439297556877136,"z":-0.18795260787010194,"w":-0.7729652523994446},"size":0.5123525857925415,"orthographic":false}