{"cameraMode":{"drawMode":0,"name":"Shaded","section":"Shading Mode"},"sceneLighting":false,"audioPlay":false,"sceneViewState":{"showFog":true,"showMaterialUpdate":false,"showSkybox":true,"showFlares":true,"showImageEffects":true,"showParticleSystems":true},"in2DMode":false,"pivot":{"x":0.0824296846985817,"y":-0.062475018203258517,"z":-0.28262466192245486},"rotation":{"x":-0.014017516747117043,"y":0.9751875400543213,"z":-0.2112354189157486,"w":-0.0647483766078949},"size":1.4608056545257569,"orthographic":false}