{"cameraMode":{"drawMode":0,"name":"Shaded","section":"Shading Mode"},"sceneLighting":false,"audioPlay":false,"sceneViewState":{"showFog":true,"showMaterialUpdate":false,"showSkybox":true,"showFlares":true,"showImageEffects":true,"showParticleSystems":true},"in2DMode":false,"pivot":{"x":235.41195678710938,"y":293.76837158203127,"z":-259.4234924316406},"rotation":{"x":-0.07757077366113663,"y":-0.0361824668943882,"z":0.002819259651005268,"w":-0.9963261485099793},"size":334.1529541015625,"orthographic":false}