{"cameraMode":{"drawMode":0,"name":"Shaded","section":"Shading Mode"},"sceneLighting":false,"audioPlay":false,"sceneViewState":{"showFog":true,"showMaterialUpdate":false,"showSkybox":true,"showFlares":true,"showImageEffects":true,"showParticleSystems":true},"in2DMode":false,"pivot":{"x":-0.15752077102661134,"y":-0.18445824086666108,"z":-0.20738708972930909},"rotation":{"x":-0.03427542746067047,"y":0.9596390724182129,"z":-0.1344515085220337,"w":-0.24462401866912843},"size":1.171492338180542,"orthographic":false}