{"cameraMode":{"drawMode":0,"name":"Shaded","section":"Shading Mode"},"sceneLighting":false,"audioPlay":false,"sceneViewState":{"showFog":true,"showMaterialUpdate":false,"showSkybox":true,"showFlares":true,"showImageEffects":true,"showParticleSystems":true},"in2DMode":false,"pivot":{"x":-0.014580948278307915,"y":-0.4600159823894501,"z":-0.99034583568573},"rotation":{"x":-0.0017177039990201593,"y":0.9803038239479065,"z":-0.19730421900749207,"w":-0.008522708900272847},"size":2.7936182022094728,"orthographic":false}