{"cameraMode":{"drawMode":0,"name":"Shaded","section":"Shading Mode"},"sceneLighting":false,"audioPlay":false,"sceneViewState":{"showFog":true,"showMaterialUpdate":false,"showSkybox":true,"showFlares":true,"showImageEffects":true,"showParticleSystems":true},"in2DMode":false,"pivot":{"x":0.03265087679028511,"y":0.009379700757563115,"z":-0.2723500728607178},"rotation":{"x":-0.09045951813459397,"y":-0.026285499334335328,"z":0.0023908379953354599,"w":-0.9955503940582275},"size":0.23950093984603883,"orthographic":false}