{"cameraMode":{"drawMode":0,"name":"Shaded","section":"Shading Mode"},"sceneLighting":true,"audioPlay":false,"sceneViewState":{"showFog":true,"showMaterialUpdate":false,"showSkybox":true,"showFlares":true,"showImageEffects":true,"showParticleSystems":true},"in2DMode":false,"pivot":{"x":0.17268133163452149,"y":0.16894760727882386,"z":0.24089977145195008},"rotation":{"x":-0.2736847698688507,"y":0.09760674834251404,"z":-0.02793065831065178,"w":-0.9564463496208191},"size":22.0,"orthographic":false}