{"cameraMode":{"drawMode":0,"name":"Shaded","section":"Shading Mode"},"sceneLighting":false,"audioPlay":false,"sceneViewState":{"showFog":true,"showMaterialUpdate":false,"showSkybox":true,"showFlares":true,"showImageEffects":true,"showParticleSystems":true},"in2DMode":false,"pivot":{"x":0.06183198094367981,"y":-0.06858548521995545,"z":-0.09887188673019409},"rotation":{"x":-0.24579402804374696,"y":0.3243314325809479,"z":-0.08766613155603409,"w":-0.9092354774475098},"size":0.6219860315322876,"orthographic":false}