{"cameraMode":{"drawMode":0,"name":"Shaded","section":"Shading Mode"},"sceneLighting":false,"audioPlay":false,"sceneViewState":{"showFog":true,"showMaterialUpdate":false,"showSkybox":true,"showFlares":true,"showImageEffects":true,"showParticleSystems":true},"in2DMode":false,"pivot":{"x":-0.200439453125,"y":0.0008544921875,"z":0.27099609375},"rotation":{"x":0.03605709224939346,"y":0.9513304233551025,"z":-0.1222556009888649,"w":0.2805779278278351},"size":0.9102364778518677,"orthographic":true}