{"cameraMode":{"drawMode":0,"name":"Shaded","section":"Shading Mode"},"sceneLighting":false,"audioPlay":false,"sceneViewState":{"showFog":true,"showMaterialUpdate":false,"showSkybox":true,"showFlares":true,"showImageEffects":true,"showParticleSystems":true},"in2DMode":false,"pivot":{"x":0.021728502586483957,"y":0.0017436482012271882,"z":-0.06922364234924317},"rotation":{"x":-0.011712758801877499,"y":-0.018895337358117105,"z":0.00021087125060148537,"w":-0.9997528791427612},"size":1.1144192218780518,"orthographic":false}