{"cameraMode":{"drawMode":0,"name":"Shaded","section":"Shading Mode"},"sceneLighting":true,"audioPlay":false,"sceneViewState":{"showFog":true,"showMaterialUpdate":false,"showSkybox":true,"showFlares":true,"showImageEffects":true,"showParticleSystems":true},"in2DMode":false,"pivot":{"x":0.5636504292488098,"y":0.21136903762817384,"z":0.0},"rotation":{"x":0.27135756611824038,"y":-0.32383009791374209,"z":-0.09751685708761215,"w":-0.9011046886444092},"size":2.1468677520751955,"orthographic":false}