{"cameraMode":{"drawMode":0,"name":"Shaded","section":"Shading Mode"},"sceneLighting":false,"audioPlay":false,"sceneViewState":{"showFog":true,"showMaterialUpdate":false,"showSkybox":true,"showFlares":true,"showImageEffects":true,"showParticleSystems":true},"in2DMode":false,"pivot":{"x":0.8162117004394531,"y":0.7292057275772095,"z":-0.8944520950317383},"rotation":{"x":-0.05820435285568237,"y":-0.7978097796440125,"z":0.07804693281650543,"w":-0.5949962735176086},"size":22.0,"orthographic":false}