{"cameraMode":{"drawMode":0,"name":"Shaded","section":"Shading Mode"},"sceneLighting":false,"audioPlay":false,"sceneViewState":{"showFog":true,"showMaterialUpdate":false,"showSkybox":true,"showFlares":true,"showImageEffects":true,"showParticleSystems":true},"in2DMode":false,"pivot":{"x":2.8201992511749269,"y":1.0368462800979615,"z":0.3446289896965027},"rotation":{"x":-0.0000361700112989638,"y":0.9999639987945557,"z":0.005690669175237417,"w":0.006300703156739473},"size":0.5919994711875916,"orthographic":true}