{"cameraMode":{"drawMode":0,"name":"Shaded","section":"Shading Mode"},"sceneLighting":false,"audioPlay":false,"sceneViewState":{"showFog":true,"showMaterialUpdate":false,"showSkybox":true,"showFlares":true,"showImageEffects":true,"showParticleSystems":true},"in2DMode":false,"pivot":{"x":-0.1572839468717575,"y":0.2119993269443512,"z":0.10163116455078125},"rotation":{"x":0.016155481338500978,"y":-0.9837242364883423,"z":0.11803190410137177,"w":0.13451465964317323},"size":1.2836806774139405,"orthographic":false}