{"cameraMode":{"drawMode":0,"name":"Shaded","section":"Shading Mode"},"sceneLighting":false,"audioPlay":false,"sceneViewState":{"showFog":true,"showMaterialUpdate":false,"showSkybox":true,"showFlares":true,"showImageEffects":true,"showParticleSystems":true},"in2DMode":false,"pivot":{"x":0.01740109547972679,"y":-0.05351628363132477,"z":-0.009746342897415161},"rotation":{"x":-0.09794962406158447,"y":-0.012834477238357067,"z":0.0012657513143494726,"w":-0.9951078295707703},"size":0.35847172141075137,"orthographic":false}