{"cameraMode":{"drawMode":0,"name":"Shaded","section":"Shading Mode"},"sceneLighting":true,"audioPlay":false,"sceneViewState":{"showFog":true,"showMaterialUpdate":false,"showSkybox":true,"showFlares":true,"showImageEffects":true,"showParticleSystems":true},"in2DMode":false,"pivot":{"x":-0.31137073040008547,"y":0.7133301496505737,"z":-0.05347573757171631},"rotation":{"x":0.07940493524074555,"y":-0.016441619023680688,"z":-0.0013085113605484367,"w":-0.9967060089111328},"size":0.8034364581108093,"orthographic":false}