{"cameraMode":{"drawMode":0,"name":"Shaded","section":"Shading Mode"},"sceneLighting":false,"audioPlay":false,"sceneViewState":{"showFog":true,"showMaterialUpdate":false,"showSkybox":true,"showFlares":true,"showImageEffects":true,"showParticleSystems":true},"in2DMode":false,"pivot":{"x":-0.05999999865889549,"y":-0.18000000715255738,"z":0.0},"rotation":{"x":-0.0015145118813961745,"y":0.03899337723851204,"z":-0.00004918439299217425,"w":-0.9992383122444153},"size":0.4394068121910095,"orthographic":false}