{"cameraMode":{"drawMode":0,"name":"Shaded","section":"Shading Mode"},"sceneLighting":false,"audioPlay":false,"sceneViewState":{"showFog":true,"showMaterialUpdate":false,"showSkybox":true,"showFlares":true,"showImageEffects":true,"showParticleSystems":true},"in2DMode":false,"pivot":{"x":558.7808837890625,"y":166.4083251953125,"z":-302.9475402832031},"rotation":{"x":-0.07757077366113663,"y":-0.0361824668943882,"z":0.002819259651005268,"w":-0.9963261485099793},"size":92.0533676147461,"orthographic":false}