{"cameraMode":{"drawMode":0,"name":"Shaded","section":"Shading Mode"},"sceneLighting":false,"audioPlay":false,"sceneViewState":{"showFog":true,"showMaterialUpdate":false,"showSkybox":true,"showFlares":true,"showImageEffects":true,"showParticleSystems":true},"in2DMode":false,"pivot":{"x":1.803419828414917,"y":-0.008764714002609253,"z":-0.4613931179046631},"rotation":{"x":-0.23902219533920289,"y":0.14615501463413239,"z":-0.03641838952898979,"w":-0.9592605829238892},"size":0.6557215452194214,"orthographic":false}