{"cameraMode":{"drawMode":0,"name":"Shaded","section":"Shading Mode"},"sceneLighting":false,"audioPlay":false,"sceneViewState":{"showFog":true,"showMaterialUpdate":false,"showSkybox":true,"showFlares":true,"showImageEffects":true,"showParticleSystems":true},"in2DMode":false,"pivot":{"x":-0.0385589599609375,"y":0.002349853515625,"z":-0.152587890625},"rotation":{"x":-0.0002401960373390466,"y":0.9996951818466187,"z":-0.010806276462972165,"w":-0.022196197882294656},"size":0.7247377634048462,"orthographic":true}