{"cameraMode":{"drawMode":0,"name":"Shaded","section":"Shading Mode"},"sceneLighting":false,"audioPlay":false,"sceneViewState":{"showFog":true,"showMaterialUpdate":false,"showSkybox":true,"showFlares":true,"showImageEffects":true,"showParticleSystems":true},"in2DMode":false,"pivot":{"x":-0.12384980916976929,"y":0.1545562744140625,"z":0.059611160308122638},"rotation":{"x":0.016656456515192987,"y":0.979457676410675,"z":-0.09106599539518357,"w":0.17914332449436189},"size":0.653067409992218,"orthographic":true}