{"cameraMode":{"drawMode":0,"name":"Shaded","section":"Shading Mode"},"sceneLighting":false,"audioPlay":false,"sceneViewState":{"showFog":true,"showMaterialUpdate":false,"showSkybox":true,"showFlares":true,"showImageEffects":true,"showParticleSystems":true},"in2DMode":false,"pivot":{"x":0.014387063682079316,"y":-0.09490658342838288,"z":0.030788302421569825},"rotation":{"x":-0.08148370683193207,"y":-0.025118960067629815,"z":0.0020498596131801607,"w":-0.9963560104370117},"size":0.6791411638259888,"orthographic":false}