{"cameraMode":{"drawMode":0,"name":"Shaded","section":"Shading Mode"},"sceneLighting":false,"audioPlay":false,"sceneViewState":{"showFog":true,"showMaterialUpdate":false,"showSkybox":true,"showFlares":true,"showImageEffects":true,"showParticleSystems":true},"in2DMode":false,"pivot":{"x":-0.023077569901943208,"y":0.09341207891702652,"z":-0.4248366951942444},"rotation":{"x":0.08948060125112534,"y":0.09163098782300949,"z":0.00827712845057249,"w":-0.9917300939559937},"size":0.32198601961135867,"orthographic":false}