{"cameraMode":{"drawMode":0,"name":"Shaded","section":"Shading Mode"},"sceneLighting":false,"audioPlay":false,"sceneViewState":{"showFog":true,"showMaterialUpdate":false,"showSkybox":true,"showFlares":true,"showImageEffects":true,"showParticleSystems":true},"in2DMode":false,"pivot":{"x":138.15838623046876,"y":258.8765869140625,"z":-97.89098358154297},"rotation":{"x":-0.026696661487221719,"y":0.0026989870239049198,"z":-0.00006970531831029803,"w":-0.9996399879455566},"size":289.58270263671877,"orthographic":false}