{"cameraMode":{"drawMode":0,"name":"Shaded","section":"Shading Mode"},"sceneLighting":false,"audioPlay":false,"sceneViewState":{"showFog":true,"showMaterialUpdate":false,"showSkybox":true,"showFlares":true,"showImageEffects":true,"showParticleSystems":true},"in2DMode":false,"pivot":{"x":1.0331313610076905,"y":-0.6046208739280701,"z":0.40397995710372927},"rotation":{"x":-0.06835994869470597,"y":0.6790925860404968,"z":-0.0637580156326294,"w":-0.7280762791633606},"size":0.5572879314422607,"orthographic":false}