{"cameraMode":{"drawMode":0,"name":"Shaded","section":"Shading Mode"},"sceneLighting":false,"audioPlay":false,"sceneViewState":{"showFog":true,"showMaterialUpdate":false,"showSkybox":true,"showFlares":true,"showImageEffects":true,"showParticleSystems":true},"in2DMode":false,"pivot":{"x":264.9118347167969,"y":230.71495056152345,"z":-11.432005882263184},"rotation":{"x":-0.02219739370048046,"y":0.00869798194617033,"z":-0.00019087405235040933,"w":-0.9997158050537109},"size":491.06451416015627,"orthographic":false}