{"cameraMode":{"drawMode":0,"name":"Shaded","section":"Shading Mode"},"sceneLighting":false,"audioPlay":false,"sceneViewState":{"showFog":true,"showMaterialUpdate":false,"showSkybox":true,"showFlares":true,"showImageEffects":true,"showParticleSystems":true},"in2DMode":false,"pivot":{"x":-0.00036597251892089844,"y":-1.043081283569336e-7,"z":0.6349999904632568},"rotation":{"x":-0.08447056263685227,"y":0.03198247775435448,"z":-0.0027104674372822048,"w":-0.9959089159965515},"size":2.1779403686523439,"orthographic":false}