{"cameraMode":{"drawMode":0,"name":"Shaded","section":"Shading Mode"},"sceneLighting":false,"audioPlay":false,"sceneViewState":{"showFog":true,"showMaterialUpdate":false,"showSkybox":true,"showFlares":true,"showImageEffects":true,"showParticleSystems":true},"in2DMode":false,"pivot":{"x":1.7783987522125245,"y":-0.0002494640648365021,"z":-0.5129013657569885},"rotation":{"x":-0.3978253901004791,"y":0.35733529925346377,"z":-0.171820729970932,"w":-0.8273597955703735},"size":0.6557215452194214,"orthographic":false}