{"cameraMode":{"drawMode":0,"name":"Shaded","section":"Shading Mode"},"sceneLighting":false,"audioPlay":false,"sceneViewState":{"showFog":true,"showMaterialUpdate":false,"showSkybox":true,"showFlares":true,"showImageEffects":true,"showParticleSystems":true},"in2DMode":false,"pivot":{"x":-0.09893798828125,"y":-0.08154296875,"z":0.1468505859375},"rotation":{"x":0.05581918731331825,"y":0.9411410689353943,"z":-0.193533256649971,"w":0.2714454233646393},"size":0.6107092499732971,"orthographic":true}