{"cameraMode":{"drawMode":0,"name":"Shaded","section":"Shading Mode"},"sceneLighting":false,"audioPlay":false,"sceneViewState":{"showFog":true,"showMaterialUpdate":false,"showSkybox":true,"showFlares":true,"showImageEffects":true,"showParticleSystems":true},"in2DMode":false,"pivot":{"x":0.0564422607421875,"y":-0.06763458251953125,"z":-0.0283203125},"rotation":{"x":0.001557565643452108,"y":0.9982258081436157,"z":-0.030264416709542276,"w":0.05125401169061661},"size":0.7609124183654785,"orthographic":true}