{"cameraMode":{"drawMode":0,"name":"Shaded","section":"Shading Mode"},"sceneLighting":false,"audioPlay":false,"sceneViewState":{"showFog":true,"showMaterialUpdate":false,"showSkybox":true,"showFlares":true,"showImageEffects":true,"showParticleSystems":true},"in2DMode":false,"pivot":{"x":0.024323806166648866,"y":0.01595383509993553,"z":0.0032834347803145649},"rotation":{"x":-0.12538431584835053,"y":0.001193297910504043,"z":-0.00014854749315418303,"w":-0.9921075701713562},"size":0.35847169160842898,"orthographic":false}