{"cameraMode":{"drawMode":0,"name":"Shaded","section":"Shading Mode"},"sceneLighting":false,"audioPlay":false,"sceneViewState":{"showFog":true,"showMaterialUpdate":false,"showSkybox":true,"showFlares":true,"showImageEffects":true,"showParticleSystems":true},"in2DMode":false,"pivot":{"x":290.78961181640627,"y":301.6666564941406,"z":24.3565673828125},"rotation":{"x":0.06239580363035202,"y":-0.09148294478654862,"z":0.005741042084991932,"w":0.9938333630561829},"size":278.2685241699219,"orthographic":false}