{"cameraMode":{"drawMode":0,"name":"Shaded","section":"Shading Mode"},"sceneLighting":false,"audioPlay":false,"sceneViewState":{"showFog":true,"showMaterialUpdate":false,"showSkybox":true,"showFlares":true,"showImageEffects":true,"showParticleSystems":true},"in2DMode":false,"pivot":{"x":-0.07752788066864014,"y":0.08332192897796631,"z":-0.29494601488113406},"rotation":{"x":-0.01690947264432907,"y":0.9730405807495117,"z":-0.07575822621583939,"w":-0.21717944741249085},"size":1.171492338180542,"orthographic":false}