{"cameraMode":{"drawMode":0,"name":"Shaded","section":"Shading Mode"},"sceneLighting":false,"audioPlay":false,"sceneViewState":{"showFog":true,"showMaterialUpdate":false,"showSkybox":true,"showFlares":true,"showImageEffects":true,"showParticleSystems":true},"in2DMode":false,"pivot":{"x":-19.179590225219728,"y":5.891726016998291,"z":13.491397857666016},"rotation":{"x":-0.08805648982524872,"y":-0.025697339326143266,"z":0.002271740697324276,"w":-0.995781421661377},"size":0.43744274973869326,"orthographic":false}