{"cameraMode":{"drawMode":0,"name":"Shaded","section":"Shading Mode"},"sceneLighting":false,"audioPlay":false,"sceneViewState":{"showFog":true,"showMaterialUpdate":false,"showSkybox":true,"showFlares":true,"showImageEffects":true,"showParticleSystems":true},"in2DMode":false,"pivot":{"x":579.0423583984375,"y":58.36638641357422,"z":25.856231689453126},"rotation":{"x":-0.05077305808663368,"y":-0.2300824075937271,"z":0.012020589783787728,"w":-0.9717714786529541},"size":298.1671142578125,"orthographic":false}