{"cameraMode":{"drawMode":0,"name":"Shaded","section":"Shading Mode"},"sceneLighting":false,"audioPlay":false,"sceneViewState":{"showFog":true,"showMaterialUpdate":false,"showSkybox":true,"showFlares":true,"showImageEffects":true,"showParticleSystems":true},"in2DMode":false,"pivot":{"x":-1.6425697803497315,"y":-0.786386251449585,"z":-1.2754467725753785},"rotation":{"x":-0.08645151555538178,"y":0.8181344270706177,"z":-0.12767669558525086,"w":-0.5539682507514954},"size":3.3934619426727297,"orthographic":false}