{"cameraMode":{"drawMode":0,"name":"Shaded","section":"Shading Mode"},"sceneLighting":false,"audioPlay":false,"sceneViewState":{"showFog":true,"showMaterialUpdate":false,"showSkybox":true,"showFlares":true,"showImageEffects":true,"showParticleSystems":true},"in2DMode":false,"pivot":{"x":0.8594825267791748,"y":0.3435206413269043,"z":0.13016563653945924},"rotation":{"x":-0.3182176351547241,"y":0.18273475766181947,"z":-0.0626542791724205,"w":-0.9281271696090698},"size":0.9557482600212097,"orthographic":false}