{"cameraMode":{"drawMode":0,"name":"Shaded","section":"Shading Mode"},"sceneLighting":false,"audioPlay":false,"sceneViewState":{"showFog":true,"showMaterialUpdate":false,"showSkybox":true,"showFlares":true,"showImageEffects":true,"showParticleSystems":true},"in2DMode":false,"pivot":{"x":0.0824296846985817,"y":-0.062475018203258517,"z":-0.28262466192245486},"rotation":{"x":-0.014053265564143658,"y":0.9811904430389404,"z":-0.07848113775253296,"w":-0.1758086383342743},"size":1.2357451915740967,"orthographic":false}