{"cameraMode":{"drawMode":0,"name":"Shaded","section":"Shading Mode"},"sceneLighting":false,"audioPlay":false,"sceneViewState":{"showFog":true,"showMaterialUpdate":false,"showSkybox":true,"showFlares":true,"showImageEffects":true,"showParticleSystems":true},"in2DMode":false,"pivot":{"x":-0.027932630851864816,"y":-0.023741234093904496,"z":-0.037570416927337649},"rotation":{"x":-0.00013988044520374388,"y":0.9994364976882935,"z":-0.03330318629741669,"w":-0.004196502733975649},"size":0.9791411757469177,"orthographic":false}