{"cameraMode":{"drawMode":0,"name":"Shaded","section":"Shading Mode"},"sceneLighting":false,"audioPlay":false,"sceneViewState":{"showFog":true,"showMaterialUpdate":false,"showSkybox":true,"showFlares":true,"showImageEffects":true,"showParticleSystems":true},"in2DMode":false,"pivot":{"x":-0.3731718063354492,"y":0.32165223360061648,"z":0.03272605687379837},"rotation":{"x":0.002554079983383417,"y":0.9956459999084473,"z":-0.08865616470575333,"w":0.028683394193649293},"size":1.9015171527862549,"orthographic":true}