{"cameraMode":{"drawMode":0,"name":"Shaded","section":"Shading Mode"},"sceneLighting":false,"audioPlay":false,"sceneViewState":{"showFog":true,"showMaterialUpdate":false,"showSkybox":true,"showFlares":true,"showImageEffects":true,"showParticleSystems":true},"in2DMode":false,"pivot":{"x":-0.00036597251892089844,"y":-1.043081283569336e-7,"z":0.6349999904632568},"rotation":{"x":-0.1336676925420761,"y":0.02586548961699009,"z":-0.0034877019934356214,"w":-0.9906825423240662},"size":1.2779405117034913,"orthographic":false}