{"cameraMode":{"drawMode":0,"name":"Shaded","section":"Shading Mode"},"sceneLighting":false,"audioPlay":false,"sceneViewState":{"showFog":true,"showMaterialUpdate":false,"showSkybox":true,"showFlares":true,"showImageEffects":true,"showParticleSystems":true},"in2DMode":false,"pivot":{"x":0.1525125354528427,"y":0.09558907151222229,"z":0.16492196917533875},"rotation":{"x":-0.1327444612979889,"y":0.8134955763816834,"z":-0.20452475547790528,"w":-0.5279901027679443},"size":1.5940465927124024,"orthographic":false}