{"cameraMode":{"drawMode":0,"name":"Shaded","section":"Shading Mode"},"sceneLighting":true,"audioPlay":false,"sceneViewState":{"showFog":true,"showMaterialUpdate":false,"showSkybox":true,"showFlares":true,"showImageEffects":true,"showParticleSystems":true},"in2DMode":false,"pivot":{"x":-3.2581567764282228,"y":-0.8477297425270081,"z":-0.37971019744873049},"rotation":{"x":-0.38306286931037905,"y":-0.2970183491706848,"z":0.13158778846263886,"w":-0.8647123575210571},"size":1.0577549934387208,"orthographic":false}