{"cameraMode":{"drawMode":0,"name":"Shaded","section":"Shading Mode"},"sceneLighting":true,"audioPlay":false,"sceneViewState":{"showFog":true,"showMaterialUpdate":false,"showSkybox":true,"showFlares":true,"showImageEffects":true,"showParticleSystems":true},"in2DMode":false,"pivot":{"x":-1.8242210149765015,"y":-0.572146475315094,"z":0.020679116249084474},"rotation":{"x":-0.05789772421121597,"y":0.13881222903728486,"z":-0.008128726854920388,"w":-0.9885913729667664},"size":0.8630577921867371,"orthographic":false}
