{"cameraMode":{"drawMode":0,"name":"Shaded","section":"Shading Mode"},"sceneLighting":false,"audioPlay":false,"sceneViewState":{"showFog":true,"showMaterialUpdate":false,"showSkybox":true,"showFlares":true,"showImageEffects":true,"showParticleSystems":true},"in2DMode":false,"pivot":{"x":1.4551204442977906,"y":0.01943541318178177,"z":-0.488883376121521},"rotation":{"x":-0.24078114330768586,"y":0.13746389746665955,"z":-0.03447185084223747,"w":-0.9601770043373108},"size":0.48444879055023196,"orthographic":false}