{"cameraMode":{"drawMode":0,"name":"Shaded","section":"Shading Mode"},"sceneLighting":false,"audioPlay":false,"sceneViewState":{"showFog":true,"showMaterialUpdate":false,"showSkybox":true,"showFlares":true,"showImageEffects":true,"showParticleSystems":true},"in2DMode":false,"pivot":{"x":0.20804119110107423,"y":0.9275882244110107,"z":0.7921450138092041},"rotation":{"x":0.04114619642496109,"y":-0.4171694219112396,"z":-0.018911290913820268,"w":-0.9076999425888062},"size":0.29189199209213259,"orthographic":false}