{"cameraMode":{"drawMode":0,"name":"Shaded","section":"Shading Mode"},"sceneLighting":false,"audioPlay":false,"sceneViewState":{"showFog":true,"showMaterialUpdate":false,"showSkybox":true,"showFlares":true,"showImageEffects":true,"showParticleSystems":true},"in2DMode":false,"pivot":{"x":-0.087432861328125,"y":-0.04583740234375,"z":0.154296875},"rotation":{"x":0.02010417729616165,"y":0.9787444472312927,"z":-0.11832389235496521,"w":0.16629678010940553},"size":0.6626735925674439,"orthographic":true}