{"cameraMode":{"drawMode":0,"name":"Shaded","section":"Shading Mode"},"sceneLighting":false,"audioPlay":false,"sceneViewState":{"showFog":true,"showMaterialUpdate":false,"showSkybox":true,"showFlares":true,"showImageEffects":true,"showParticleSystems":true},"in2DMode":false,"pivot":{"x":0.72796630859375,"y":1.2786483764648438,"z":0.0084228515625},"rotation":{"x":0.012610118836164475,"y":0.9837362170219421,"z":0.07658105343580246,"w":-0.16198554635047913},"size":0.620429277420044,"orthographic":true}