{"cameraMode":{"drawMode":0,"name":"Shaded","section":"Shading Mode"},"sceneLighting":false,"audioPlay":false,"sceneViewState":{"showFog":true,"showMaterialUpdate":false,"showSkybox":true,"showFlares":true,"showImageEffects":true,"showParticleSystems":true},"in2DMode":false,"pivot":{"x":0.7284209132194519,"y":0.1204681247472763,"z":-0.06997673213481903},"rotation":{"x":-0.1250079870223999,"y":-0.4982493221759796,"z":0.07285851985216141,"w":-0.8548755645751953},"size":0.5123525857925415,"orthographic":false}