{"cameraMode":{"drawMode":0,"name":"Shaded","section":"Shading Mode"},"sceneLighting":false,"audioPlay":false,"sceneViewState":{"showFog":true,"showMaterialUpdate":false,"showSkybox":true,"showFlares":true,"showImageEffects":true,"showParticleSystems":true},"in2DMode":false,"pivot":{"x":167.1556396484375,"y":76.99452209472656,"z":-3.1218318939208986},"rotation":{"x":0.0017998134717345238,"y":-0.006299986969679594,"z":-0.000011826587069663219,"w":-0.9999786019325256},"size":568.4507446289063,"orthographic":false}