{"cameraMode":{"drawMode":0,"name":"Shaded","section":"Shading Mode"},"sceneLighting":false,"audioPlay":false,"sceneViewState":{"showFog":true,"showMaterialUpdate":false,"showSkybox":true,"showFlares":true,"showImageEffects":true,"showParticleSystems":true},"in2DMode":false,"pivot":{"x":-0.08539387583732605,"y":0.9568672776222229,"z":0.9087662696838379},"rotation":{"x":0.017197825014591218,"y":-0.2362092137336731,"z":-0.004182576201856136,"w":-0.9715410470962524},"size":0.8919532895088196,"orthographic":false}