{"cameraMode":{"drawMode":0,"name":"Shaded","section":"Shading Mode"},"sceneLighting":false,"audioPlay":false,"sceneViewState":{"showFog":true,"showMaterialUpdate":false,"showSkybox":true,"showFlares":true,"showImageEffects":true,"showParticleSystems":true},"in2DMode":false,"pivot":{"x":-1.7329554557800294,"y":-0.7443536520004273,"z":-1.0856339931488038},"rotation":{"x":-0.07339645177125931,"y":0.8417646884918213,"z":-0.11845961958169937,"w":-0.521548330783844},"size":3.0934619903564455,"orthographic":false}