{"cameraMode":{"drawMode":0,"name":"Shaded","section":"Shading Mode"},"sceneLighting":false,"audioPlay":false,"sceneViewState":{"showFog":true,"showMaterialUpdate":false,"showSkybox":true,"showFlares":true,"showImageEffects":true,"showParticleSystems":true},"in2DMode":false,"pivot":{"x":0.31444087624549868,"y":0.2224373072385788,"z":0.16165591776371003},"rotation":{"x":0.03752567619085312,"y":-0.2091832458972931,"z":-0.008031112141907215,"w":-0.9771232604980469},"size":1.0748035907745362,"orthographic":false}