{"cameraMode":{"drawMode":0,"name":"Shaded","section":"Shading Mode"},"sceneLighting":false,"audioPlay":false,"sceneViewState":{"showFog":true,"showMaterialUpdate":false,"showSkybox":true,"showFlares":true,"showImageEffects":true,"showParticleSystems":true},"in2DMode":false,"pivot":{"x":-0.05999999865889549,"y":-0.18000000715255738,"z":0.0},"rotation":{"x":-0.17163757979869843,"y":0.016259288415312768,"z":-0.002822968875989318,"w":-0.9850218892097473},"size":0.7394068241119385,"orthographic":false}