{"cameraMode":{"drawMode":0,"name":"Shaded","section":"Shading Mode"},"sceneLighting":false,"audioPlay":false,"sceneViewState":{"showFog":true,"showMaterialUpdate":false,"showSkybox":true,"showFlares":true,"showImageEffects":true,"showParticleSystems":true},"in2DMode":false,"pivot":{"x":0.06187417730689049,"y":-0.03217638283967972,"z":-0.11422905325889588},"rotation":{"x":0.24151721596717835,"y":0.4010182023048401,"z":-0.11047299206256867,"w":0.8767266273498535},"size":0.7548241019248962,"orthographic":false}