{"cameraMode":{"drawMode":0,"name":"Shaded","section":"Shading Mode"},"sceneLighting":true,"audioPlay":false,"sceneViewState":{"showFog":true,"showMaterialUpdate":false,"showSkybox":true,"showFlares":true,"showImageEffects":true,"showParticleSystems":true},"in2DMode":false,"pivot":{"x":-0.6930109262466431,"y":-0.3310675621032715,"z":-0.06488007307052612},"rotation":{"x":0.07940493524074555,"y":-0.016441619023680688,"z":-0.0013085113605484367,"w":-0.9967060089111328},"size":0.9162055850028992,"orthographic":false}