{"cameraMode":{"drawMode":0,"name":"Shaded","section":"Shading Mode"},"sceneLighting":false,"audioPlay":false,"sceneViewState":{"showFog":true,"showMaterialUpdate":false,"showSkybox":true,"showFlares":true,"showImageEffects":true,"showParticleSystems":true},"in2DMode":false,"pivot":{"x":-0.08349862694740296,"y":-0.14895835518836976,"z":-0.6318411231040955},"rotation":{"x":-0.01027583610266447,"y":0.9800925254821777,"z":-0.19115017354488374,"w":-0.05267542228102684},"size":1.593618392944336,"orthographic":false}