{"cameraMode":{"drawMode":0,"name":"Shaded","section":"Shading Mode"},"sceneLighting":false,"audioPlay":false,"sceneViewState":{"showFog":true,"showMaterialUpdate":false,"showSkybox":true,"showFlares":true,"showImageEffects":true,"showParticleSystems":true},"in2DMode":false,"pivot":{"x":0.9195861220359802,"y":1.3299449682235718,"z":-0.00022796541452407837},"rotation":{"x":-0.03700994327664375,"y":0.9616882801055908,"z":-0.2158701866865158,"w":-0.16488200426101685},"size":0.38550105690956118,"orthographic":true}