{"cameraMode":{"drawMode":0,"name":"Shaded","section":"Shading Mode"},"sceneLighting":false,"audioPlay":false,"sceneViewState":{"showFog":true,"showMaterialUpdate":false,"showSkybox":true,"showFlares":true,"showImageEffects":true,"showParticleSystems":true},"in2DMode":false,"pivot":{"x":0.04726793244481087,"y":0.1243651807308197,"z":0.13517971336841584},"rotation":{"x":-0.01913570426404476,"y":0.9804667830467224,"z":-0.12359902262687683,"w":-0.15179622173309327},"size":0.4855421781539917,"orthographic":false}