{"cameraMode":{"drawMode":0,"name":"Shaded","section":"Shading Mode"},"sceneLighting":false,"audioPlay":false,"sceneViewState":{"showFog":true,"showMaterialUpdate":false,"showSkybox":true,"showFlares":true,"showImageEffects":true,"showParticleSystems":true},"in2DMode":false,"pivot":{"x":4.160421848297119,"y":0.6631002426147461,"z":0.06000000238418579},"rotation":{"x":0.06465186923742295,"y":0.932965874671936,"z":-0.21354363858699799,"w":0.2824781537055969},"size":2.3249032497406008,"orthographic":false}