{"cameraMode":{"drawMode":0,"name":"Shaded","section":"Shading Mode"},"sceneLighting":false,"audioPlay":false,"sceneViewState":{"showFog":true,"showMaterialUpdate":false,"showSkybox":true,"showFlares":true,"showImageEffects":true,"showParticleSystems":true},"in2DMode":false,"pivot":{"x":1.047778606414795,"y":-0.5947532653808594,"z":0.3264696002006531},"rotation":{"x":-0.00003413139711483382,"y":0.9986380338668823,"z":-0.0006139783654361963,"w":-0.05217031016945839},"size":0.8572879433631897,"orthographic":false}