{"cameraMode":{"drawMode":0,"name":"Shaded","section":"Shading Mode"},"sceneLighting":false,"audioPlay":false,"sceneViewState":{"showFog":true,"showMaterialUpdate":false,"showSkybox":true,"showFlares":true,"showImageEffects":true,"showParticleSystems":true},"in2DMode":false,"pivot":{"x":-0.12384980916976929,"y":0.1545562744140625,"z":0.059611160308122638},"rotation":{"x":0.013630393892526627,"y":0.979215681552887,"z":-0.07033946365118027,"w":0.1897454708814621},"size":0.6026565432548523,"orthographic":true}