{"cameraMode":{"drawMode":0,"name":"Shaded","section":"Shading Mode"},"sceneLighting":false,"audioPlay":false,"sceneViewState":{"showFog":true,"showMaterialUpdate":false,"showSkybox":true,"showFlares":true,"showImageEffects":true,"showParticleSystems":true},"in2DMode":false,"pivot":{"x":2.7939999103546144,"y":1.2699999809265137,"z":0.06000000238418579},"rotation":{"x":-0.1262579709291458,"y":-0.017256658524274827,"z":0.00219915178604424,"w":-0.991844892501831},"size":4.077600479125977,"orthographic":false}