{"cameraMode":{"drawMode":0,"name":"Shaded","section":"Shading Mode"},"sceneLighting":false,"audioPlay":false,"sceneViewState":{"showFog":true,"showMaterialUpdate":false,"showSkybox":true,"showFlares":true,"showImageEffects":true,"showParticleSystems":true},"in2DMode":false,"pivot":{"x":-1.17319917678833,"y":0.5392968654632568,"z":0.0},"rotation":{"x":0.002554079983383417,"y":0.9956459999084473,"z":-0.08865616470575333,"w":0.028683394193649293},"size":1.7894716262817383,"orthographic":true}