{"cameraMode":{"drawMode":0,"name":"Shaded","section":"Shading Mode"},"sceneLighting":false,"audioPlay":false,"sceneViewState":{"showFog":true,"showMaterialUpdate":false,"showSkybox":true,"showFlares":true,"showImageEffects":true,"showParticleSystems":true},"in2DMode":false,"pivot":{"x":-0.048797607421875,"y":0.0107269287109375,"z":0.081787109375},"rotation":{"x":0.01838349550962448,"y":0.9735390543937683,"z":-0.08462714403867722,"w":0.21147610247135163},"size":0.6236793994903565,"orthographic":true}