{"cameraMode":{"drawMode":0,"name":"Shaded","section":"Shading Mode"},"sceneLighting":false,"audioPlay":false,"sceneViewState":{"showFog":true,"showMaterialUpdate":false,"showSkybox":true,"showFlares":true,"showImageEffects":true,"showParticleSystems":true},"in2DMode":false,"pivot":{"x":0.12618401646614076,"y":0.008555821143090725,"z":-0.02769019454717636},"rotation":{"x":0.003074009669944644,"y":0.996165931224823,"z":-0.039179105311632159,"w":0.07816074788570404},"size":0.9791411757469177,"orthographic":false}