{"cameraMode":{"drawMode":0,"name":"Shaded","section":"Shading Mode"},"sceneLighting":false,"audioPlay":false,"sceneViewState":{"showFog":true,"showMaterialUpdate":false,"showSkybox":true,"showFlares":true,"showImageEffects":true,"showParticleSystems":true},"in2DMode":false,"pivot":{"x":1.0331313610076905,"y":-0.48645830154418948,"z":0.40397998690605166},"rotation":{"x":0.07577137649059296,"y":0.41370198130607607,"z":0.03457838296890259,"w":-0.9065945744514465},"size":0.5670758485794067,"orthographic":false}