{"cameraMode":{"drawMode":0,"name":"Shaded","section":"Shading Mode"},"sceneLighting":false,"audioPlay":false,"sceneViewState":{"showFog":true,"showMaterialUpdate":false,"showSkybox":true,"showFlares":true,"showImageEffects":true,"showParticleSystems":true},"in2DMode":false,"pivot":{"x":-0.1892368197441101,"y":0.2803689241409302,"z":-0.7243549227714539},"rotation":{"x":-0.0025600732769817116,"y":0.9970187544822693,"z":-0.03801950067281723,"w":-0.06709447503089905},"size":1.8936183452606202,"orthographic":false}