{"cameraMode":{"drawMode":0,"name":"Shaded","section":"Shading Mode"},"sceneLighting":false,"audioPlay":false,"sceneViewState":{"showFog":true,"showMaterialUpdate":false,"showSkybox":true,"showFlares":true,"showImageEffects":true,"showParticleSystems":true},"in2DMode":false,"pivot":{"x":0.7284209132194519,"y":0.1204681247472763,"z":-0.06997673213481903},"rotation":{"x":-0.07373640686273575,"y":-0.6019539833068848,"z":0.05596131458878517,"w":-0.7931473851203919},"size":0.5123525857925415,"orthographic":false}