{"cameraMode":{"drawMode":0,"name":"Shaded","section":"Shading Mode"},"sceneLighting":false,"audioPlay":false,"sceneViewState":{"showFog":true,"showMaterialUpdate":false,"showSkybox":true,"showFlares":true,"showImageEffects":true,"showParticleSystems":true},"in2DMode":false,"pivot":{"x":-0.03249271214008331,"y":-0.035221200436353686,"z":-0.03266294300556183},"rotation":{"x":0.08015255630016327,"y":-0.3990757167339325,"z":-0.03502746671438217,"w":-0.9127361178398132},"size":0.6050733327865601,"orthographic":false}