{"cameraMode":{"drawMode":0,"name":"Shaded","section":"Shading Mode"},"sceneLighting":false,"audioPlay":false,"sceneViewState":{"showFog":true,"showMaterialUpdate":false,"showSkybox":true,"showFlares":true,"showImageEffects":true,"showParticleSystems":true},"in2DMode":false,"pivot":{"x":2.999645948410034,"y":1.9999074935913087,"z":1.6072531938552857},"rotation":{"x":-0.08805648982524872,"y":-0.025697339326143266,"z":0.002271740697324276,"w":-0.995781421661377},"size":1.2737393379211426,"orthographic":false}