{"cameraMode":{"drawMode":0,"name":"Shaded","section":"Shading Mode"},"sceneLighting":false,"audioPlay":false,"sceneViewState":{"showFog":true,"showMaterialUpdate":false,"showSkybox":true,"showFlares":true,"showImageEffects":true,"showParticleSystems":true},"in2DMode":false,"pivot":{"x":0.06394726037979126,"y":-0.38109099864959719,"z":-0.33455657958984377},"rotation":{"x":-0.08269325643777847,"y":0.7621232271194458,"z":-0.09933799505233765,"w":-0.6343989372253418},"size":2.63517689704895,"orthographic":false}