{"cameraMode":{"drawMode":0,"name":"Shaded","section":"Shading Mode"},"sceneLighting":false,"audioPlay":false,"sceneViewState":{"showFog":true,"showMaterialUpdate":false,"showSkybox":true,"showFlares":true,"showImageEffects":true,"showParticleSystems":true},"in2DMode":false,"pivot":{"x":0.024323806166648866,"y":0.01595383509993553,"z":0.0032834347803145649},"rotation":{"x":-0.11718811839818955,"y":0.05122397467494011,"z":-0.0060502649284899239,"w":-0.9917693734169006},"size":0.35847169160842898,"orthographic":false}