{"cameraMode":{"drawMode":0,"name":"Shaded","section":"Shading Mode"},"sceneLighting":false,"audioPlay":false,"sceneViewState":{"showFog":true,"showMaterialUpdate":false,"showSkybox":true,"showFlares":true,"showImageEffects":true,"showParticleSystems":true},"in2DMode":false,"pivot":{"x":-0.00335693359375,"y":-0.052032470703125,"z":-0.00048828125},"rotation":{"x":0.027861274778842927,"y":0.9570404887199402,"z":-0.09825755655765534,"w":0.2713722288608551},"size":0.6888253688812256,"orthographic":true}