{"cameraMode":{"drawMode":0,"name":"Shaded","section":"Shading Mode"},"sceneLighting":false,"audioPlay":false,"sceneViewState":{"showFog":true,"showMaterialUpdate":false,"showSkybox":true,"showFlares":true,"showImageEffects":true,"showParticleSystems":true},"in2DMode":false,"pivot":{"x":1.12916100025177,"y":-1.4901161193847657e-7,"z":2.384185791015625e-7},"rotation":{"x":-0.1262579709291458,"y":-0.017256658524274827,"z":0.00219915178604424,"w":-0.991844892501831},"size":2.63517689704895,"orthographic":false}