{"cameraMode":{"drawMode":0,"name":"Shaded","section":"Shading Mode"},"sceneLighting":false,"audioPlay":false,"sceneViewState":{"showFog":true,"showMaterialUpdate":false,"showSkybox":true,"showFlares":true,"showImageEffects":true,"showParticleSystems":true},"in2DMode":false,"pivot":{"x":-0.025736138224601747,"y":-0.036819856613874438,"z":0.050981879234313968},"rotation":{"x":-0.0013795242412015796,"y":0.9975683689117432,"z":-0.06655213981866837,"w":-0.02064639888703823},"size":0.6079748868942261,"orthographic":false}