{"cameraMode":{"drawMode":0,"name":"Shaded","section":"Shading Mode"},"sceneLighting":false,"audioPlay":false,"sceneViewState":{"showFog":true,"showMaterialUpdate":false,"showSkybox":true,"showFlares":true,"showImageEffects":true,"showParticleSystems":true},"in2DMode":false,"pivot":{"x":0.1780911087989807,"y":-0.3786672353744507,"z":0.8006575703620911},"rotation":{"x":-0.12452227622270584,"y":-0.06483934819698334,"z":0.008157542906701565,"w":-0.990062415599823},"size":1.5079748630523682,"orthographic":false}