{"cameraMode":{"drawMode":0,"name":"Shaded","section":"Shading Mode"},"sceneLighting":false,"audioPlay":false,"sceneViewState":{"showFog":true,"showMaterialUpdate":false,"showSkybox":true,"showFlares":true,"showImageEffects":true,"showParticleSystems":true},"in2DMode":false,"pivot":{"x":-0.11989021301269531,"y":0.9533230066299439,"z":0.8967941999435425},"rotation":{"x":0.21066433191299439,"y":-0.23346292972564698,"z":-0.05189007893204689,"w":-0.9478517770767212},"size":0.29195326566696169,"orthographic":false}