{"cameraMode":{"drawMode":0,"name":"Shaded","section":"Shading Mode"},"sceneLighting":false,"audioPlay":false,"sceneViewState":{"showFog":true,"showMaterialUpdate":false,"showSkybox":true,"showFlares":true,"showImageEffects":true,"showParticleSystems":true},"in2DMode":false,"pivot":{"x":0.08882925659418106,"y":-0.5999024510383606,"z":1.4118815660476685},"rotation":{"x":-0.11251682788133621,"y":-0.030701439827680589,"z":0.0034782742150127889,"w":-0.9931693077087402},"size":3.0934619903564455,"orthographic":false}