{"cameraMode":{"drawMode":0,"name":"Shaded","section":"Shading Mode"},"sceneLighting":false,"audioPlay":false,"sceneViewState":{"showFog":true,"showMaterialUpdate":false,"showSkybox":true,"showFlares":true,"showImageEffects":true,"showParticleSystems":true},"in2DMode":false,"pivot":{"x":-0.0017934695351868868,"y":-0.07340921461582184,"z":-0.20116232335567475},"rotation":{"x":-0.0000034688507639657475,"y":0.9984596967697144,"z":-0.05548163875937462,"w":-4.195222231828666e-7},"size":0.6584717035293579,"orthographic":false}