{"cameraMode":{"drawMode":0,"name":"Shaded","section":"Shading Mode"},"sceneLighting":false,"audioPlay":false,"sceneViewState":{"showFog":true,"showMaterialUpdate":false,"showSkybox":true,"showFlares":true,"showImageEffects":true,"showParticleSystems":true},"in2DMode":false,"pivot":{"x":-0.039353303611278537,"y":0.07469448447227478,"z":0.05474492534995079},"rotation":{"x":0.005451797042042017,"y":0.9940868020057678,"z":-0.09032730758190155,"w":0.06002243608236313},"size":0.2920251488685608,"orthographic":false}