{"cameraMode":{"drawMode":0,"name":"Shaded","section":"Shading Mode"},"sceneLighting":false,"audioPlay":false,"sceneViewState":{"showFog":true,"showMaterialUpdate":false,"showSkybox":true,"showFlares":true,"showImageEffects":true,"showParticleSystems":true},"in2DMode":false,"pivot":{"x":1.6598374843597413,"y":0.0,"z":-0.5129014253616333},"rotation":{"x":-0.08989030122756958,"y":0.7704305648803711,"z":-0.11147990822792053,"w":-0.6212316751480103},"size":0.30855098366737368,"orthographic":false}