{"cameraMode":{"drawMode":0,"name":"Shaded","section":"Shading Mode"},"sceneLighting":false,"audioPlay":false,"sceneViewState":{"showFog":true,"showMaterialUpdate":false,"showSkybox":true,"showFlares":true,"showImageEffects":true,"showParticleSystems":true},"in2DMode":false,"pivot":{"x":-0.04037158191204071,"y":0.0086082573980093,"z":0.013960630632936955},"rotation":{"x":-0.04094208776950836,"y":0.08412380516529083,"z":-0.003463814267888665,"w":-0.995607852935791},"size":0.3791411221027374,"orthographic":false}