{"cameraMode":{"drawMode":0,"name":"Shaded","section":"Shading Mode"},"sceneLighting":false,"audioPlay":false,"sceneViewState":{"showFog":true,"showMaterialUpdate":false,"showSkybox":true,"showFlares":true,"showImageEffects":true,"showParticleSystems":true},"in2DMode":false,"pivot":{"x":-0.0012274397304281593,"y":-0.0009293906623497605,"z":0.00019962841179221869},"rotation":{"x":0.04441714286804199,"y":0.9487416744232178,"z":-0.27179843187332156,"w":0.1550552397966385},"size":0.35847172141075137,"orthographic":false}