{"cameraMode":{"drawMode":0,"name":"Shaded","section":"Shading Mode"},"sceneLighting":false,"audioPlay":false,"sceneViewState":{"showFog":true,"showMaterialUpdate":false,"showSkybox":true,"showFlares":true,"showImageEffects":true,"showParticleSystems":true},"in2DMode":false,"pivot":{"x":645.68505859375,"y":84.64273071289063,"z":-7.940652370452881},"rotation":{"x":0.047282587736845019,"y":0.9339979887008667,"z":-0.32745036482810976,"w":0.13486438989639283},"size":640.9246826171875,"orthographic":false}