{"cameraMode":{"drawMode":0,"name":"Shaded","section":"Shading Mode"},"sceneLighting":false,"audioPlay":false,"sceneViewState":{"showFog":true,"showMaterialUpdate":false,"showSkybox":true,"showFlares":true,"showImageEffects":true,"showParticleSystems":true},"in2DMode":false,"pivot":{"x":-0.11526951938867569,"y":0.16137461364269257,"z":-0.2907252311706543},"rotation":{"x":-0.022707805037498475,"y":0.9752535223960877,"z":-0.12026800960302353,"w":-0.18412113189697267},"size":0.871492326259613,"orthographic":false}