{"cameraMode":{"drawMode":0,"name":"Shaded","section":"Shading Mode"},"sceneLighting":false,"audioPlay":false,"sceneViewState":{"showFog":true,"showMaterialUpdate":false,"showSkybox":true,"showFlares":true,"showImageEffects":true,"showParticleSystems":true},"in2DMode":false,"pivot":{"x":0.2978041172027588,"y":-0.06928062438964844,"z":-0.6796745657920837},"rotation":{"x":0.03199843689799309,"y":0.9294158220291138,"z":-0.08304563164710999,"w":0.35814225673675539},"size":1.8936183452606202,"orthographic":false}