{"cameraMode":{"drawMode":0,"name":"Shaded","section":"Shading Mode"},"sceneLighting":false,"audioPlay":false,"sceneViewState":{"showFog":true,"showMaterialUpdate":false,"showSkybox":true,"showFlares":true,"showImageEffects":true,"showParticleSystems":true},"in2DMode":false,"pivot":{"x":-0.039353303611278537,"y":0.07469448447227478,"z":0.05474492534995079},"rotation":{"x":-0.025518791750073434,"y":0.9694957137107849,"z":-0.214880108833313,"w":-0.11512382328510285},"size":0.2920251488685608,"orthographic":false}