{"cameraMode":{"drawMode":0,"name":"Shaded","section":"Shading Mode"},"sceneLighting":false,"audioPlay":false,"sceneViewState":{"showFog":true,"showMaterialUpdate":false,"showSkybox":true,"showFlares":true,"showImageEffects":true,"showParticleSystems":true},"in2DMode":false,"pivot":{"x":0.06187417730689049,"y":-0.03217638283967972,"z":-0.11422905325889588},"rotation":{"x":0.38056427240371706,"y":0.1466364860534668,"z":-0.06125885620713234,"w":0.910997211933136},"size":0.4548240900039673,"orthographic":false}