{"cameraMode":{"drawMode":0,"name":"Shaded","section":"Shading Mode"},"sceneLighting":false,"audioPlay":false,"sceneViewState":{"showFog":true,"showMaterialUpdate":false,"showSkybox":true,"showFlares":true,"showImageEffects":true,"showParticleSystems":true},"in2DMode":false,"pivot":{"x":-0.12384980916976929,"y":0.1545562744140625,"z":0.059611160308122638},"rotation":{"x":0.0024048371706157924,"y":0.9954962730407715,"z":-0.09105126559734345,"w":0.026288175955414773},"size":0.653067409992218,"orthographic":true}