{"cameraMode":{"drawMode":0,"name":"Shaded","section":"Shading Mode"},"sceneLighting":false,"audioPlay":false,"sceneViewState":{"showFog":true,"showMaterialUpdate":false,"showSkybox":true,"showFlares":true,"showImageEffects":true,"showParticleSystems":true},"in2DMode":false,"pivot":{"x":1.4640644788742066,"y":-3.725290298461914e-8,"z":-0.5080000162124634},"rotation":{"x":-0.2761633098125458,"y":-0.05071832984685898,"z":0.01459492463618517,"w":-0.9596606492996216},"size":0.48444870114326479,"orthographic":false}