{"cameraMode":{"drawMode":0,"name":"Shaded","section":"Shading Mode"},"sceneLighting":false,"audioPlay":false,"sceneViewState":{"showFog":true,"showMaterialUpdate":false,"showSkybox":true,"showFlares":true,"showImageEffects":true,"showParticleSystems":true},"in2DMode":false,"pivot":{"x":-0.16021186113357545,"y":4.09064245223999,"z":-0.1853175163269043},"rotation":{"x":0.002554079983383417,"y":0.9956459999084473,"z":-0.08865616470575333,"w":0.028683394193649293},"size":1.8748071193695069,"orthographic":true}