{"cameraMode":{"drawMode":0,"name":"Shaded","section":"Shading Mode"},"sceneLighting":false,"audioPlay":false,"sceneViewState":{"showFog":true,"showMaterialUpdate":false,"showSkybox":true,"showFlares":true,"showImageEffects":true,"showParticleSystems":true},"in2DMode":false,"pivot":{"x":-0.04483552277088165,"y":-0.07752504199743271,"z":-0.05762500315904617},"rotation":{"x":2.9700638037866158e-7,"y":0.9999983906745911,"z":-0.0003091616672463715,"w":0.0018006667960435153},"size":0.4886687994003296,"orthographic":true}