{"cameraMode":{"drawMode":0,"name":"Shaded","section":"Shading Mode"},"sceneLighting":false,"audioPlay":false,"sceneViewState":{"showFog":true,"showMaterialUpdate":false,"showSkybox":true,"showFlares":true,"showImageEffects":true,"showParticleSystems":true},"in2DMode":false,"pivot":{"x":645.68505859375,"y":84.64273071289063,"z":-7.940652370452881},"rotation":{"x":0.0017998134717345238,"y":-0.006299986969679594,"z":-0.000011826587069663219,"w":-0.9999786019325256},"size":195.2842254638672,"orthographic":false}