{"cameraMode":{"drawMode":0,"name":"Shaded","section":"Shading Mode"},"sceneLighting":false,"audioPlay":false,"sceneViewState":{"showFog":true,"showMaterialUpdate":false,"showSkybox":true,"showFlares":true,"showImageEffects":true,"showParticleSystems":true},"in2DMode":false,"pivot":{"x":-0.11989021301269531,"y":0.9533230066299439,"z":0.8967941999435425},"rotation":{"x":0.005699354223906994,"y":-0.015000025741755963,"z":-0.00008676016295794398,"w":-0.9998712539672852},"size":0.5919532775878906,"orthographic":false}