{"cameraMode":{"drawMode":0,"name":"Shaded","section":"Shading Mode"},"sceneLighting":false,"audioPlay":false,"sceneViewState":{"showFog":true,"showMaterialUpdate":false,"showSkybox":true,"showFlares":true,"showImageEffects":true,"showParticleSystems":true},"in2DMode":false,"pivot":{"x":0.31444087624549868,"y":0.2224373072385788,"z":0.16165591776371003},"rotation":{"x":-0.038239724934101108,"y":-0.49760743975639346,"z":0.021968329325318338,"w":-0.8662805557250977},"size":1.0748035907745362,"orthographic":false}