{"cameraMode":{"drawMode":0,"name":"Shaded","section":"Shading Mode"},"sceneLighting":true,"audioPlay":false,"sceneViewState":{"showFog":true,"showMaterialUpdate":false,"showSkybox":true,"showFlares":true,"showImageEffects":true,"showParticleSystems":true},"in2DMode":false,"pivot":{"x":0.8162117004394531,"y":0.7292057275772095,"z":-0.8944520950317383},"rotation":{"x":-0.2402205914258957,"y":0.2783292531967163,"z":-0.07210435718297959,"w":-0.9271612167358398},"size":2.054603338241577,"orthographic":false}