{"cameraMode":{"drawMode":0,"name":"Shaded","section":"Shading Mode"},"sceneLighting":false,"audioPlay":false,"sceneViewState":{"showFog":true,"showMaterialUpdate":false,"showSkybox":true,"showFlares":true,"showImageEffects":true,"showParticleSystems":true},"in2DMode":false,"pivot":{"x":-0.1892368197441101,"y":0.2803689241409302,"z":-0.7243549227714539},"rotation":{"x":-0.024612274020910264,"y":0.0021021501161158087,"z":-0.00005022115510655567,"w":-0.9996948838233948},"size":0.3936184048652649,"orthographic":false}