{"cameraMode":{"drawMode":0,"name":"Shaded","section":"Shading Mode"},"sceneLighting":false,"audioPlay":false,"sceneViewState":{"showFog":true,"showMaterialUpdate":false,"showSkybox":true,"showFlares":true,"showImageEffects":true,"showParticleSystems":true},"in2DMode":false,"pivot":{"x":0.9195861220359802,"y":1.19864022731781,"z":-0.060172900557518008},"rotation":{"x":0.019454648718237878,"y":0.9797853231430054,"z":-0.11994104087352753,"w":0.15892241895198823},"size":0.620429277420044,"orthographic":true}