{"cameraMode":{"drawMode":0,"name":"Shaded","section":"Shading Mode"},"sceneLighting":false,"audioPlay":false,"sceneViewState":{"showFog":true,"showMaterialUpdate":false,"showSkybox":true,"showFlares":true,"showImageEffects":true,"showParticleSystems":true},"in2DMode":false,"pivot":{"x":39.94999694824219,"y":-0.09999847412109375,"z":0.0},"rotation":{"x":0.0017998134717345238,"y":-0.006299986969679594,"z":-0.000011826587069663219,"w":-0.9999786019325256},"size":304.2313232421875,"orthographic":false}