{"cameraMode":{"drawMode":0,"name":"Shaded","section":"Shading Mode"},"sceneLighting":false,"audioPlay":false,"sceneViewState":{"showFog":true,"showMaterialUpdate":false,"showSkybox":true,"showFlares":true,"showImageEffects":true,"showParticleSystems":true},"in2DMode":false,"pivot":{"x":138.15838623046876,"y":258.8765869140625,"z":-97.89098358154297},"rotation":{"x":-0.12666422128677369,"y":0.05472669005393982,"z":-0.006996761076152325,"w":-0.9904101490974426},"size":79.67619323730469,"orthographic":false}