{"cameraMode":{"drawMode":0,"name":"Shaded","section":"Shading Mode"},"sceneLighting":false,"audioPlay":false,"sceneViewState":{"showFog":true,"showMaterialUpdate":false,"showSkybox":true,"showFlares":true,"showImageEffects":true,"showParticleSystems":true},"in2DMode":false,"pivot":{"x":0.9195861220359802,"y":1.3299449682235718,"z":-0.00022796541452407837},"rotation":{"x":0.0007870291592553258,"y":0.999213695526123,"z":0.027875520288944246,"w":-0.028184309601783754},"size":0.38550105690956118,"orthographic":true}