{"cameraMode":{"drawMode":0,"name":"Shaded","section":"Shading Mode"},"sceneLighting":false,"audioPlay":false,"sceneViewState":{"showFog":true,"showMaterialUpdate":false,"showSkybox":true,"showFlares":true,"showImageEffects":true,"showParticleSystems":true},"in2DMode":false,"pivot":{"x":-1.3498351573944092,"y":0.4793749451637268,"z":-3.725290298461914e-9},"rotation":{"x":0.002554079983383417,"y":0.9956459999084473,"z":-0.08865616470575333,"w":0.028683394193649293},"size":1.5929455757141114,"orthographic":true}