{"cameraMode":{"drawMode":0,"name":"Shaded","section":"Shading Mode"},"sceneLighting":false,"audioPlay":false,"sceneViewState":{"showFog":true,"showMaterialUpdate":false,"showSkybox":true,"showFlares":true,"showImageEffects":true,"showParticleSystems":true},"in2DMode":false,"pivot":{"x":0.896223783493042,"y":0.5080009698867798,"z":0.000011298805475234985},"rotation":{"x":-0.6190601587295532,"y":0.09773661941289902,"z":-0.07804080843925476,"w":-0.7753203511238098},"size":0.6557482481002808,"orthographic":false}