{"cameraMode":{"drawMode":0,"name":"Shaded","section":"Shading Mode"},"sceneLighting":false,"audioPlay":false,"sceneViewState":{"showFog":true,"showMaterialUpdate":false,"showSkybox":true,"showFlares":true,"showImageEffects":true,"showParticleSystems":true},"in2DMode":false,"pivot":{"x":-0.22469791769981385,"y":0.010415985248982907,"z":0.004027889110147953},"rotation":{"x":-0.01959495060145855,"y":-0.14317846298217774,"z":0.0028355794493108989,"w":-0.9894988536834717},"size":0.623367428779602,"orthographic":false}