{"cameraMode":{"drawMode":0,"name":"Shaded","section":"Shading Mode"},"sceneLighting":false,"audioPlay":false,"sceneViewState":{"showFog":true,"showMaterialUpdate":false,"showSkybox":true,"showFlares":true,"showImageEffects":true,"showParticleSystems":true},"in2DMode":false,"pivot":{"x":0.19991344213485719,"y":0.06690141558647156,"z":-0.12423557043075562},"rotation":{"x":-0.0038374143186956646,"y":0.9897075891494751,"z":-0.0270259790122509,"w":-0.14047706127166749},"size":0.623367428779602,"orthographic":false}