{"cameraMode":{"drawMode":0,"name":"Shaded","section":"Shading Mode"},"sceneLighting":false,"audioPlay":false,"sceneViewState":{"showFog":true,"showMaterialUpdate":false,"showSkybox":true,"showFlares":true,"showImageEffects":true,"showParticleSystems":true},"in2DMode":false,"pivot":{"x":0.02764892578125,"y":-0.197723388671875,"z":-0.04449462890625},"rotation":{"x":0.0497293658554554,"y":0.9466187953948975,"z":-0.17843341827392579,"w":0.26382067799568179},"size":0.6140148639678955,"orthographic":true}