{"cameraMode":{"drawMode":0,"name":"Shaded","section":"Shading Mode"},"sceneLighting":true,"audioPlay":false,"sceneViewState":{"showFog":true,"showMaterialUpdate":false,"showSkybox":true,"showFlares":true,"showImageEffects":true,"showParticleSystems":true},"in2DMode":false,"pivot":{"x":0.17268133163452149,"y":0.16894760727882386,"z":0.24089977145195008},"rotation":{"x":-0.20299828052520753,"y":0.5901122689247131,"z":-0.1564779281616211,"w":-0.7655546069145203},"size":17.475900650024415,"orthographic":false}