{"cameraMode":{"drawMode":0,"name":"Shaded","section":"Shading Mode"},"sceneLighting":false,"audioPlay":false,"sceneViewState":{"showFog":true,"showMaterialUpdate":false,"showSkybox":true,"showFlares":true,"showImageEffects":true,"showParticleSystems":true},"in2DMode":false,"pivot":{"x":-0.0012274397304281593,"y":-0.0009293906623497605,"z":0.00019962841179221869},"rotation":{"x":0.06465186923742295,"y":0.932965874671936,"z":-0.21354363858699799,"w":0.2824781537055969},"size":0.35847169160842898,"orthographic":false}