{"cameraMode":{"drawMode":0,"name":"Shaded","section":"Shading Mode"},"sceneLighting":false,"audioPlay":false,"sceneViewState":{"showFog":true,"showMaterialUpdate":false,"showSkybox":true,"showFlares":true,"showImageEffects":true,"showParticleSystems":true},"in2DMode":false,"pivot":{"x":2.999645948410034,"y":1.9999074935913087,"z":1.6072531938552857},"rotation":{"x":-0.10937665402889252,"y":-0.06198617070913315,"z":0.006834255065768957,"w":-0.9920422434806824},"size":1.2737393379211426,"orthographic":false}