{"cameraMode":{"drawMode":0,"name":"Shaded","section":"Shading Mode"},"sceneLighting":false,"audioPlay":false,"sceneViewState":{"showFog":true,"showMaterialUpdate":false,"showSkybox":true,"showFlares":true,"showImageEffects":true,"showParticleSystems":true},"in2DMode":false,"pivot":{"x":1.1304931640625,"y":1.241119384765625,"z":-0.0489501953125},"rotation":{"x":0.03055880032479763,"y":0.964214026927948,"z":-0.12802986800670625,"w":0.23014312982559205},"size":0.544867992401123,"orthographic":true}