{"cameraMode":{"drawMode":0,"name":"Shaded","section":"Shading Mode"},"sceneLighting":false,"audioPlay":false,"sceneViewState":{"showFog":true,"showMaterialUpdate":false,"showSkybox":true,"showFlares":true,"showImageEffects":true,"showParticleSystems":true},"in2DMode":false,"pivot":{"x":-0.11526951938867569,"y":0.16137461364269257,"z":-0.2907252311706543},"rotation":{"x":-0.01690947264432907,"y":0.9730405807495117,"z":-0.07575822621583939,"w":-0.21717944741249085},"size":0.871492326259613,"orthographic":false}