{"cameraMode":{"drawMode":0,"name":"Shaded","section":"Shading Mode"},"sceneLighting":false,"audioPlay":false,"sceneViewState":{"showFog":true,"showMaterialUpdate":false,"showSkybox":true,"showFlares":true,"showImageEffects":true,"showParticleSystems":true},"in2DMode":false,"pivot":{"x":0.0824296846985817,"y":-0.062475018203258517,"z":-0.28262466192245486},"rotation":{"x":-0.002069776179268956,"y":0.9746818542480469,"z":-0.22340290248394013,"w":-0.009063421748578549},"size":1.2357451915740967,"orthographic":false}