{"cameraMode":{"drawMode":0,"name":"Shaded","section":"Shading Mode"},"sceneLighting":false,"audioPlay":false,"sceneViewState":{"showFog":true,"showMaterialUpdate":false,"showSkybox":true,"showFlares":true,"showImageEffects":true,"showParticleSystems":true},"in2DMode":false,"pivot":{"x":-1.7329554557800294,"y":-0.7443536520004273,"z":-1.0856339931488038},"rotation":{"x":-0.07339644432067871,"y":0.8417646288871765,"z":-0.11845961213111878,"w":-0.5215482711791992},"size":3.0934619903564455,"orthographic":false}