{"cameraMode":{"drawMode":0,"name":"Shaded","section":"Shading Mode"},"sceneLighting":false,"audioPlay":false,"sceneViewState":{"showFog":true,"showMaterialUpdate":false,"showSkybox":true,"showFlares":true,"showImageEffects":true,"showParticleSystems":true},"in2DMode":false,"pivot":{"x":-0.12618637084960938,"y":-0.031926605850458148,"z":-0.21062973141670228},"rotation":{"x":-0.016738012433052064,"y":0.9458120465278626,"z":-0.32049626111984255,"w":-0.04941294342279434},"size":1.5357451438903809,"orthographic":false}