{"cameraMode":{"drawMode":0,"name":"Shaded","section":"Shading Mode"},"sceneLighting":true,"audioPlay":false,"sceneViewState":{"showFog":true,"showMaterialUpdate":false,"showSkybox":true,"showFlares":true,"showImageEffects":true,"showParticleSystems":true},"in2DMode":false,"pivot":{"x":0.17268133163452149,"y":0.16894760727882386,"z":0.24089977145195008},"rotation":{"x":0.13489080965518952,"y":-0.41028574109077456,"z":-0.061505746096372607,"w":-0.899826169013977},"size":2.126410484313965,"orthographic":false}