{"cameraMode":{"drawMode":0,"name":"Shaded","section":"Shading Mode"},"sceneLighting":false,"audioPlay":false,"sceneViewState":{"showFog":true,"showMaterialUpdate":false,"showSkybox":true,"showFlares":true,"showImageEffects":true,"showParticleSystems":true},"in2DMode":false,"pivot":{"x":-0.06861422955989838,"y":0.0651545450091362,"z":0.19795535504817964},"rotation":{"x":0.027419645339250566,"y":0.9693014025688171,"z":-0.1275223344564438,"w":0.2084251195192337},"size":0.4148236811161041,"orthographic":true}