{"cameraMode":{"drawMode":0,"name":"Shaded","section":"Shading Mode"},"sceneLighting":false,"audioPlay":false,"sceneViewState":{"showFog":true,"showMaterialUpdate":false,"showSkybox":true,"showFlares":true,"showImageEffects":true,"showParticleSystems":true},"in2DMode":false,"pivot":{"x":0.023214681074023248,"y":-0.0463268905878067,"z":0.057659268379211429},"rotation":{"x":0.035697609186172488,"y":0.015583883970975876,"z":-0.0005587776540778577,"w":0.9992409944534302},"size":0.7548241019248962,"orthographic":false}