{"cameraMode":{"drawMode":0,"name":"Shaded","section":"Shading Mode"},"sceneLighting":false,"audioPlay":false,"sceneViewState":{"showFog":true,"showMaterialUpdate":false,"showSkybox":true,"showFlares":true,"showImageEffects":true,"showParticleSystems":true},"in2DMode":false,"pivot":{"x":-0.05999999865889549,"y":-0.18000000715255738,"z":0.0},"rotation":{"x":-0.21265822649002076,"y":-0.12216456979513169,"z":0.026797344908118249,"w":-0.9690894484519959},"size":0.7394067645072937,"orthographic":false}