{"cameraMode":{"drawMode":0,"name":"Shaded","section":"Shading Mode"},"sceneLighting":false,"audioPlay":false,"sceneViewState":{"showFog":true,"showMaterialUpdate":false,"showSkybox":true,"showFlares":true,"showImageEffects":true,"showParticleSystems":true},"in2DMode":false,"pivot":{"x":-2.0303540229797365,"y":0.1775059998035431,"z":-0.39783668518066409},"rotation":{"x":0.2584630846977234,"y":0.6369760632514954,"z":-0.24020779132843018,"w":0.6853894591331482},"size":6.173739910125732,"orthographic":false}