{"cameraMode":{"drawMode":0,"name":"Shaded","section":"Shading Mode"},"sceneLighting":false,"audioPlay":false,"sceneViewState":{"showFog":true,"showMaterialUpdate":false,"showSkybox":true,"showFlares":true,"showImageEffects":true,"showParticleSystems":true},"in2DMode":false,"pivot":{"x":-0.22469791769981385,"y":0.010415985248982907,"z":0.004027889110147953},"rotation":{"x":-0.052702125161886218,"y":0.9303817749023438,"z":-0.14804545044898988,"w":-0.3312020003795624},"size":0.923367440700531,"orthographic":false}