{"cameraMode":{"drawMode":0,"name":"Shaded","section":"Shading Mode"},"sceneLighting":false,"audioPlay":false,"sceneViewState":{"showFog":true,"showMaterialUpdate":false,"showSkybox":true,"showFlares":true,"showImageEffects":true,"showParticleSystems":true},"in2DMode":false,"pivot":{"x":0.0657120943069458,"y":0.17658042907714845,"z":-0.10605660825967789},"rotation":{"x":-0.015484393574297428,"y":0.9646843075752258,"z":0.058223921805620196,"w":0.25642630457878115},"size":1.0833256244659424,"orthographic":false}