{"cameraMode":{"drawMode":0,"name":"Shaded","section":"Shading Mode"},"sceneLighting":false,"audioPlay":false,"sceneViewState":{"showFog":true,"showMaterialUpdate":false,"showSkybox":true,"showFlares":true,"showImageEffects":true,"showParticleSystems":true},"in2DMode":false,"pivot":{"x":0.11974767595529556,"y":0.11291230469942093,"z":-0.04890746623277664},"rotation":{"x":0.00035982910776510835,"y":0.9971541166305542,"z":-0.07523757219314575,"w":0.004788120277225971},"size":0.4548240900039673,"orthographic":false}