{"cameraMode":{"drawMode":0,"name":"Shaded","section":"Shading Mode"},"sceneLighting":false,"audioPlay":false,"sceneViewState":{"showFog":true,"showMaterialUpdate":false,"showSkybox":true,"showFlares":true,"showImageEffects":true,"showParticleSystems":true},"in2DMode":false,"pivot":{"x":-0.23028564453125,"y":0.014129638671875,"z":0.21221923828125},"rotation":{"x":0.051507171243429187,"y":0.9239537715911865,"z":-0.13426856696605683,"w":0.3544411063194275},"size":0.4297618567943573,"orthographic":true}