{"cameraMode":{"drawMode":0,"name":"Shaded","section":"Shading Mode"},"sceneLighting":false,"audioPlay":false,"sceneViewState":{"showFog":true,"showMaterialUpdate":false,"showSkybox":true,"showFlares":true,"showImageEffects":true,"showParticleSystems":true},"in2DMode":false,"pivot":{"x":0.2283816635608673,"y":0.01992480456829071,"z":0.08063238859176636},"rotation":{"x":0.10483814775943756,"y":-0.4018026292324066,"z":-0.0463629812002182,"w":-0.9085230827331543},"size":0.960499107837677,"orthographic":false}