{"cameraMode":{"drawMode":0,"name":"Shaded","section":"Shading Mode"},"sceneLighting":false,"audioPlay":false,"sceneViewState":{"showFog":true,"showMaterialUpdate":false,"showSkybox":true,"showFlares":true,"showImageEffects":true,"showParticleSystems":true},"in2DMode":false,"pivot":{"x":0.0824296846985817,"y":-0.062475018203258517,"z":-0.28262466192245486},"rotation":{"x":0.026671046391129495,"y":0.9451706409454346,"z":-0.07987933605909348,"w":0.31553199887275698},"size":1.2357451915740967,"orthographic":false}