{"cameraMode":{"drawMode":0,"name":"Shaded","section":"Shading Mode"},"sceneLighting":false,"audioPlay":false,"sceneViewState":{"showFog":true,"showMaterialUpdate":false,"showSkybox":true,"showFlares":true,"showImageEffects":true,"showParticleSystems":true},"in2DMode":false,"pivot":{"x":0.20804119110107423,"y":0.9275882244110107,"z":0.7921450138092041},"rotation":{"x":0.06903189420700073,"y":-0.07803219556808472,"z":-0.005417823791503906,"w":-0.9945432543754578},"size":1.4918920993804932,"orthographic":false}