{"cameraMode":{"drawMode":0,"name":"Shaded","section":"Shading Mode"},"sceneLighting":false,"audioPlay":false,"sceneViewState":{"showFog":true,"showMaterialUpdate":false,"showSkybox":true,"showFlares":true,"showImageEffects":true,"showParticleSystems":true},"in2DMode":false,"pivot":{"x":-0.0738525390625,"y":-0.05374908447265625,"z":0.0919189453125},"rotation":{"x":0.024316472932696344,"y":0.9749234914779663,"z":-0.13570773601531983,"w":0.17468935251235963},"size":0.5811741948127747,"orthographic":true}