{"cameraMode":{"drawMode":0,"name":"Shaded","section":"Shading Mode"},"sceneLighting":false,"audioPlay":false,"sceneViewState":{"showFog":true,"showMaterialUpdate":false,"showSkybox":true,"showFlares":true,"showImageEffects":true,"showParticleSystems":true},"in2DMode":false,"pivot":{"x":-0.6499999761581421,"y":-1.3899999856948853,"z":-0.2454204559326172},"rotation":{"x":-0.05820435285568237,"y":-0.7978097796440125,"z":0.07804693281650543,"w":-0.5949962735176086},"size":22.0,"orthographic":false}