{"cameraMode":{"drawMode":0,"name":"Shaded","section":"Shading Mode"},"sceneLighting":false,"audioPlay":false,"sceneViewState":{"showFog":true,"showMaterialUpdate":false,"showSkybox":true,"showFlares":true,"showImageEffects":true,"showParticleSystems":true},"in2DMode":false,"pivot":{"x":1.0143864154815674,"y":0.5080009698867798,"z":0.000011298805475234985},"rotation":{"x":-0.2959294021129608,"y":0.08952341973781586,"z":-0.027871346101164819,"w":-0.9505968689918518},"size":0.2684842646121979,"orthographic":false}