{"cameraMode":{"drawMode":0,"name":"Shaded","section":"Shading Mode"},"sceneLighting":false,"audioPlay":false,"sceneViewState":{"showFog":true,"showMaterialUpdate":false,"showSkybox":true,"showFlares":true,"showImageEffects":true,"showParticleSystems":true},"in2DMode":false,"pivot":{"x":-0.05999999865889549,"y":-0.06000000238418579,"z":0.0},"rotation":{"x":0.08797957748174668,"y":0.7873927354812622,"z":-0.1156354546546936,"w":0.5990832448005676},"size":0.4394068121910095,"orthographic":false}