{"cameraMode":{"drawMode":0,"name":"Shaded","section":"Shading Mode"},"sceneLighting":false,"audioPlay":false,"sceneViewState":{"showFog":true,"showMaterialUpdate":false,"showSkybox":true,"showFlares":true,"showImageEffects":true,"showParticleSystems":true},"in2DMode":false,"pivot":{"x":-0.05999999865889549,"y":-0.06000000238418579,"z":0.0},"rotation":{"x":0.00915441382676363,"y":0.986297070980072,"z":-0.1539260745048523,"w":0.05866008624434471},"size":0.4394068121910095,"orthographic":false}