{"cameraMode":{"drawMode":0,"name":"Shaded","section":"Shading Mode"},"sceneLighting":false,"audioPlay":false,"sceneViewState":{"showFog":true,"showMaterialUpdate":false,"showSkybox":true,"showFlares":true,"showImageEffects":true,"showParticleSystems":true},"in2DMode":false,"pivot":{"x":-0.05999999865889549,"y":-0.18000000715255738,"z":0.0},"rotation":{"x":-0.17163759469985963,"y":0.016259290277957917,"z":-0.0028229691088199617,"w":-0.9850219488143921},"size":0.7394068241119385,"orthographic":false}