{"cameraMode":{"drawMode":0,"name":"Shaded","section":"Shading Mode"},"sceneLighting":false,"audioPlay":false,"sceneViewState":{"showFog":true,"showMaterialUpdate":false,"showSkybox":true,"showFlares":true,"showImageEffects":true,"showParticleSystems":true},"in2DMode":false,"pivot":{"x":0.437773197889328,"y":0.20242103934288026,"z":0.21027407050132752},"rotation":{"x":0.1416570097208023,"y":-0.49394193291664126,"z":-0.08193389326334,"w":-0.853956401348114},"size":1.0748035907745362,"orthographic":false}