{"cameraMode":{"drawMode":0,"name":"Shaded","section":"Shading Mode"},"sceneLighting":false,"audioPlay":false,"sceneViewState":{"showFog":true,"showMaterialUpdate":false,"showSkybox":true,"showFlares":true,"showImageEffects":true,"showParticleSystems":true},"in2DMode":false,"pivot":{"x":-0.05999999865889549,"y":-0.06000000238418579,"z":0.0},"rotation":{"x":0.013253414072096348,"y":0.986065149307251,"z":-0.13425055146217347,"w":0.09734857827425003},"size":0.4394068121910095,"orthographic":false}