{"cameraMode":{"drawMode":0,"name":"Shaded","section":"Shading Mode"},"sceneLighting":false,"audioPlay":false,"sceneViewState":{"showFog":true,"showMaterialUpdate":false,"showSkybox":true,"showFlares":true,"showImageEffects":true,"showParticleSystems":true},"in2DMode":false,"pivot":{"x":0.024323806166648866,"y":0.01595383509993553,"z":0.0032834347803145649},"rotation":{"x":-0.0021069692447781564,"y":0.0889848917722702,"z":-0.0001857617899077013,"w":-0.9960308074951172},"size":0.35847169160842898,"orthographic":false}