{"cameraMode":{"drawMode":0,"name":"Shaded","section":"Shading Mode"},"sceneLighting":false,"audioPlay":false,"sceneViewState":{"showFog":true,"showMaterialUpdate":false,"showSkybox":true,"showFlares":true,"showImageEffects":true,"showParticleSystems":true},"in2DMode":false,"pivot":{"x":-0.05999999865889549,"y":-0.06000000238418579,"z":0.0},"rotation":{"x":0.00015542958863079548,"y":0.9978973865509033,"z":-0.06477022171020508,"w":0.002400024328380823},"size":0.4394068121910095,"orthographic":false}