{"cameraMode":{"drawMode":0,"name":"Shaded","section":"Shading Mode"},"sceneLighting":false,"audioPlay":false,"sceneViewState":{"showFog":true,"showMaterialUpdate":false,"showSkybox":true,"showFlares":true,"showImageEffects":true,"showParticleSystems":true},"in2DMode":false,"pivot":{"x":0.9373931884765625,"y":1.2741966247558594,"z":-0.01153564453125},"rotation":{"x":-0.014087974093854428,"y":0.981674075126648,"z":-0.08029264211654663,"w":-0.17225182056427003},"size":0.4399207532405853,"orthographic":true}