{"cameraMode":{"drawMode":0,"name":"Shaded","section":"Shading Mode"},"sceneLighting":false,"audioPlay":false,"sceneViewState":{"showFog":true,"showMaterialUpdate":false,"showSkybox":true,"showFlares":true,"showImageEffects":true,"showParticleSystems":true},"in2DMode":false,"pivot":{"x":148.84762573242188,"y":183.06497192382813,"z":-4.200653076171875},"rotation":{"x":-0.0611262209713459,"y":0.03412961587309837,"z":-0.0020918226800858976,"w":-0.9975441694259644},"size":375.5979309082031,"orthographic":false}