{"cameraMode":{"drawMode":0,"name":"Shaded","section":"Shading Mode"},"sceneLighting":false,"audioPlay":false,"sceneViewState":{"showFog":true,"showMaterialUpdate":false,"showSkybox":true,"showFlares":true,"showImageEffects":true,"showParticleSystems":true},"in2DMode":false,"pivot":{"x":-0.11526951938867569,"y":0.16137461364269257,"z":-0.2907252311706543},"rotation":{"x":-0.02383682318031788,"y":0.9355743527412415,"z":-0.06437517702579498,"w":-0.3463933765888214},"size":0.871492326259613,"orthographic":false}