{"cameraMode":{"drawMode":0,"name":"Shaded","section":"Shading Mode"},"sceneLighting":false,"audioPlay":false,"sceneViewState":{"showFog":true,"showMaterialUpdate":false,"showSkybox":true,"showFlares":true,"showImageEffects":true,"showParticleSystems":true},"in2DMode":false,"pivot":{"x":245.84951782226563,"y":316.6354064941406,"z":50.92473220825195},"rotation":{"x":0.023834889754652978,"y":-0.9237553477287293,"z":0.3777723014354706,"w":0.05827650800347328},"size":1012.868896484375,"orthographic":false}