{"cameraMode":{"drawMode":0,"name":"Shaded","section":"Shading Mode"},"sceneLighting":false,"audioPlay":false,"sceneViewState":{"showFog":true,"showMaterialUpdate":false,"showSkybox":true,"showFlares":true,"showImageEffects":true,"showParticleSystems":true},"in2DMode":false,"pivot":{"x":0.003184571862220764,"y":0.015386983752250672,"z":-0.018622547388076783},"rotation":{"x":-0.010071194730699063,"y":0.9835070967674255,"z":-0.05790674686431885,"w":-0.1710534542798996},"size":0.43744319677352908,"orthographic":false}