{"cameraMode":{"drawMode":0,"name":"Shaded","section":"Shading Mode"},"sceneLighting":true,"audioPlay":false,"sceneViewState":{"showFog":true,"showMaterialUpdate":false,"showSkybox":true,"showFlares":true,"showImageEffects":true,"showParticleSystems":true},"in2DMode":false,"pivot":{"x":28.41031837463379,"y":388.5514221191406,"z":1.2257080078125},"rotation":{"x":-0.006309595424681902,"y":-0.0039026581216603519,"z":0.000024655302695464343,"w":-0.9999725222587586},"size":1142.8848876953125,"orthographic":false}