{"cameraMode":{"drawMode":0,"name":"Shaded","section":"Shading Mode"},"sceneLighting":false,"audioPlay":false,"sceneViewState":{"showFog":true,"showMaterialUpdate":false,"showSkybox":true,"showFlares":true,"showImageEffects":true,"showParticleSystems":true},"in2DMode":false,"pivot":{"x":-0.3448830246925354,"y":0.17813734710216523,"z":-1.875969648361206},"rotation":{"x":-0.03508906438946724,"y":-0.029673704877495767,"z":0.0010510921711102129,"w":-0.998943030834198},"size":3.5814802646636965,"orthographic":true}