{"cameraMode":{"drawMode":0,"name":"Shaded","section":"Shading Mode"},"sceneLighting":false,"audioPlay":false,"sceneViewState":{"showFog":true,"showMaterialUpdate":false,"showSkybox":true,"showFlares":true,"showImageEffects":true,"showParticleSystems":true},"in2DMode":false,"pivot":{"x":-0.42551493644714358,"y":5.404199600219727,"z":-2.025649070739746},"rotation":{"x":-0.12579059600830079,"y":0.8228508234024048,"z":-0.20033034682273866,"w":-0.5166828036308289},"size":2.8737387657165529,"orthographic":false}