{"cameraMode":{"drawMode":0,"name":"Shaded","section":"Shading Mode"},"sceneLighting":false,"audioPlay":false,"sceneViewState":{"showFog":true,"showMaterialUpdate":false,"showSkybox":true,"showFlares":true,"showImageEffects":true,"showParticleSystems":true},"in2DMode":false,"pivot":{"x":-0.7962366342544556,"y":1.2854344844818116,"z":0.3652007281780243},"rotation":{"x":-0.32609108090400698,"y":-0.5835449695587158,"z":0.2754456698894501,"w":-0.6908470392227173},"size":0.28094643354415896,"orthographic":false}