{"cameraMode":{"drawMode":0,"name":"Shaded","section":"Shading Mode"},"sceneLighting":false,"audioPlay":false,"sceneViewState":{"showFog":true,"showMaterialUpdate":false,"showSkybox":true,"showFlares":true,"showImageEffects":true,"showParticleSystems":true},"in2DMode":false,"pivot":{"x":-0.007061779499053955,"y":-0.01678481698036194,"z":0.44882088899612429},"rotation":{"x":-0.013214667327702046,"y":-0.9724540710449219,"z":0.22564318776130677,"w":-0.056954022496938708},"size":0.7495997548103333,"orthographic":true}