{"cameraMode":{"drawMode":0,"name":"Shaded","section":"Shading Mode"},"sceneLighting":false,"audioPlay":false,"sceneViewState":{"showFog":true,"showMaterialUpdate":false,"showSkybox":true,"showFlares":true,"showImageEffects":true,"showParticleSystems":true},"in2DMode":false,"pivot":{"x":-0.5238550901412964,"y":0.06563717126846314,"z":-0.278946191072464},"rotation":{"x":-0.0037499633617699148,"y":0.9956679940223694,"z":-0.04634449630975723,"w":-0.08051984757184982},"size":4.326096534729004,"orthographic":false}