{"cameraMode":{"drawMode":0,"name":"Shaded","section":"Shading Mode"},"sceneLighting":false,"audioPlay":false,"sceneViewState":{"showFog":true,"showMaterialUpdate":false,"showSkybox":true,"showFlares":true,"showImageEffects":true,"showParticleSystems":true},"in2DMode":false,"pivot":{"x":-0.7250000238418579,"y":-2.9802322387695315e-8,"z":0.16699999570846559},"rotation":{"x":0.220286026597023,"y":0.26527076959609988,"z":-0.06239034980535507,"w":0.9365964531898499},"size":1.2392587661743165,"orthographic":true}